"comment_id","comment","post_id"
"1","الصفوة لتنمية المهارات","1"
"2","الخصومات لحد امتي ؟","1"
"3","اسماء صالح\nلحد انتهاء المنتجات","1"
"4","فين في مصر الجديده ياريت العنوان بالتفصيل","1"
"5","لو سمحت فاتحين يوم الجمعه والمواعيد ايه","1"
"6","ادوات منتسوري الحسيه متوفره\nالبرج الوردي والسلم الخشبي ؟","1"
"7","هي نسبة الخصم انهي واحدة فيهم","1"
"8","فين فى مصر الجديدة لو سمحت ؟","1"
"9","عبدالله إيهاب قطز لا في 4.5","1"
"10","فين شارع الثوره ده ميدان ايه","1"
"11","اللوكيشن موجود عالصفحه\nاو ابعتي عالوتساب 01001444798","1"
"12","فين في مصر الجديده","1"
"13","الصفوة لتنمية المهاراتممكن اعرف تفاصيل الشحن والتوصيل","1"
"14","ممكن الملف بى دى اف","1"
"15","لو سمحت العرض مازال موجود","1"
"16","لو سمحت العروض لسه متاحه؟؟؟","1"
"17","مش هتعملوا معرض فى اسكندرية قريب","1"
"18","في خدمة توصيل ؟","1"
"19","مش ناويين تيجو قنا","1"
"20","لو سمحت لسه متاح","1"
"21","هو فيه معرض كتاب اليومين دول","1"
"22","راجيه الجنه لا","1"
"23","ممكن اعرف نسبة الخصم تتحسب ازاى و هل لو اختارت اكتر من قطعة الخصم عليهم هيكون كام؟","1"
"24","في فرع في المنيا؟؟!","1"
"25","لا\nفيه خدمه توصيل للمحافظات","1"
"26","المعرض لسه فاتح وآخر ميعاد ليه امتي","1"
"27","والخصم بيكون علي حسب اية يعني امتي اخد خصم ٣٠ ولا ٤٠.....","1"
"28","الصفوة لتنمية المهارات ٦ قطع من نفس النوع ولا مشكل","1"
"29","سعر الشحن للمنيا كام","1"
"30","الكتالوج ده خاص بالمعرض ولا على الالعاب عموما","1"
"31","هو الخصم مستمر لامتى أن شاء الله؟؟","1"
"32","الصفوة لتنمية المهارات شكرا لكم","1"
"33","المعرض لسه متاح؟","1"
"34","لو هشتري قطعه واحدة من كل صنف نسبة الخصم كام","1"
"35","عنوان المعرض","1"
"36","ممكن رقم موبيل اتواصل معاه","1"
"37","قاعة العرض فين و هل لسه متاح ولا انتهى","1"
"38","طيب لو حد اشتري قطعة واحدة وقتها السعر هيكون عليه خصم ولو عليه بيكون كام في الماية","1"
"39","ممكن العنوان بالتفصيل لو هاجي مترو؟","1"
"40","الصفوة لتنمية المهارات آسفة ايه هي ٤,٥","1"
"41","يعني انتم كاتبين هنا الدفع عند الاستلام في حين ان الاوردر بتاعي اتلغي عشان مادفعتش وبعت فاتوره !!!!","1"
"42","هو المعرض بيكون في القاهره بس","1"
"43","بودي بودي يوجد خدمه توصيل","1"
"44","شحن منصورة بكام لوسمحت؟","1"
"45","العرض موجود ولا خلص","1"
"46","ما فيش اسكندرية السنة دي","1"
"47","المعرض مكانه فين","1"
"48","ده للجمله فقط و الا ممكن قطاعي","1"
"49","هل توجد ميداليات","1"
"50","احمد قناوي لا","1"
"51","الشحن للقاهرة بكام","1"
"52","شحن اسوان كام","1"
"53","روان رويدا 50ج تقريبا","1"
"54","هل العروض لسه متوفرة ولا خلصت\nوالخصم اد ايه علي القطعة ولو هشترس اكتر من قطعة الخصم كام","1"
"55","المكان فين بالضبط","1"
"56","اسماء ابراهيم مصر الجديده امتداد شارع الثورة بجوار مستشفي الوطني للعيون","1"
"57","ياريت تلفو المحافظات كمان","1"
"58","فاتحين النهارده","1"
"59","كل يوم معادا الجمعه من ١٠ ل٥","1"
"60","لسه العرض شغال","1"
"61","ياسمين البسيوني متاح يافندم","1"
"62","فين","1"
"63","لو سمحت لو عاوزه قطغه من كذا صنف حيبقي الخصم اه","1"
"64","لو من كل نوع 3 عليهم خصم كام\nوتوصيل الاسكندريه بكام","1"
"65","كريم كارميل 30%\nتوصيل 50ج تقريبا","1"
"66","يعني لو حد اخد ٤ قطع من نوع معين ياخد نسبة خصم ٥٥%؟","1"
"67","حتيجو اسكندريه امته","1"
"68","ممكن الملف pdf","1"
"69","هتيجو اسكندريه","1"
"70","فين فى مصر الجديدة","1"
"71","المستشار وائل الهلالي امتداد شارع الثورة بجوار مستشفي الوطني للعيون","1"
"72","سلام عليكم كنت عايزه حاجات لتعليم الحروف بس الالعاب متفرقه كنت عايزه اشوف كذا لعبه مفيش البومات مجمعه","2"
"73","الصفوة لتنمية المهارات","3"
"74","تفاصيل","3"
"75","اي هو شغول وبكام","3"
"76","بالتوفيق للجميع أن شاء الله","4"
"77","بصراحه الاسعار كويسه جدا ومش غاليه والاسلوب ناس محترمين جدا وزوق جدا","4"
"78","بالتوفيق لدار الصفوة وبعد ما تخلص جولتك عليك برواية فتاة الكوكب فى معرض الإسكندرية للكتاب فى جناح c3 وهى رواية خيال علمى","4"
"79","والاسعار عمله ايه","4"
"80","بالتوفيق ياد. وليد","4"
"81","من الساعه كام","4"
"82","مالك مالك.مدثر مؤمن","4"
"83","خديچة محمود اي رأيك تبقي تشوفي الدنيا هناك وتقوليلي","4"
"84","مروة عبد العظيم يالا بقى","4"
"85","نيفين نيڤين محمد Mahmoud Mohamed Shindy Mohamed Elsayd","4"
"86","المعرض مكتوب عليه الصفوة علشان بس نوصل بسهولة","4"
"87","عندكم صندوق الحروف العربية ( مونتيسوري ) يحتوي علي ٣اشكال من كل شكل لكل حرف اول ووسط واخر الكلام","4"
"88","روبوت حيكون متاحه\nوعدادات يوسي ماس","4"
"89","هل فيه بازل القارات وبازل جسم الانسان التشريحي","4"
"90","مواعيد المعرض","4"
"91","لو سمحت حيكون فيه أدوات مدرسه وكراسات وكشاكيل","4"
"92","لا","4"
"93","ما تيجي نروح\nهند عبدالباري","4"
"94","هنروح امتى Esraa A. Ali","4"
"95","ياجماعة خد راحة هناك بيبيعوا فيه ادوات المدرسة لانش بوكس والفلاسك ولا","4"
"96","لا للاسف","4"
"97","هل متاح عندكم العاب منتسوري","4"
"98","ادم ومالك حلو اوى كنت ع طول بشترى العيال منه العاب تنميه مهارات","4"
"99","ريم وجيه ها يلا بينا","4"
"100","ريم وجيه تشرفونا يافندم","4"
"101","فيه ليجو","4"
"102","اخيرا اسكندريه جهزي نفسك مروة زيتون","4"
"103","ميرفت مرفت امين","4"
"104","سنحيا بالقرآن. Aml Samirتيجو نروح يوم فسحه","4"
"105","زوجي قرة عيني شوفى","4"
"106","يلا بينا aHoda Abdo","4"
"107","المعرض من الساعه كام","4"
"108","اهو لحد عندنا Esraa Said Morsy","4"
"109","فاتحين الجمعه ولا اجازه","4"
"110","لو سمحت مش هتفتحوا تانى فى القاهره ؟","4"
"111","هى الاسعار ايه هناك ؟؟","4"
"112","جيتوا محافظة الغربية","4"
"113","لا لسه","4"
"114","هو المعرض مفتوح الجمعة","4"
"115","موجود عندكم الكمبيوتر التعليمي","4"
"116","الصفوة لتنمية المهارات شكرا","4"
"117","في بازل 3d","4"
"118","تشرفونا جناح الصفوة رقم B17 يوميا من 11ص الى 10 م و الجمعه من 2 الى 11م في ارض كوته للتواصل واتس اب 01001444798","4"
"119","من فضلك المواعيد في المعرض ايه","4"
"120","المواعيد من كام لكام","4"
"121","سالم احمد Hamza Ahmed Rabah Sary\nايه رايكم محتاجين زياره","4"
"122","من فضلك المواعيد امتى","4"
"123","المعرض ليفتح من الساعه كام الي الساعه كام من فضلكم","4"
"124","قاعة المؤتمرات بمدينة نصر؟","6"
"125","ممكن العنوان","6"
"126","معرض اهلا لللمدارس في قاعة المؤتمرات يوميا من 20 حتى 27 اكتوير المعرض الدائم للشركه بمصر للجديدة بمنطقة الماظه بجوار مستشفى الكهرباء من 10 الى 5 يوميا ماعدا الجمعه للتواصل واتس اب 01001444798","6"
"127","العنوان","6"
"128","لو سمحت المعرض هيبقي عارض كل ألعاب المنتسوري\nمحتاجه الرد ضروري","6"
"129","العنوان لو سمحت","6"
"130","معرض اهلا لللمدارس في قاعة المؤتمرات يوميا من 20 حتى 27 اكتوير المعرض الدائم للشركه بمصر للجديدة بمنطقة الماظه بجوار مستشفى الكهرباء من 10 الى 5 يوميا ماعدا الجمعه للتواصل واتس اب 01001444798","6"
"131","في قاعة كام لو سمحت ؟","6"
"132","لو سمحت حتكونوا كوجودين فى معرض الكتاب بالاسكندرية ان شاء الله","6"
"133","مفيش معرض فى الاسكندريه","6"
"134","الخصومات موجوده ف المعرض ده بس\nولا ف الفرع الرئيسي عادي؟","6"
"135","هو المعرض في شهر سبتمبر ولا اكتوبر البوست مكتوب فيه سبتمبر والكومنتات اكتوبر","6"
"136","ممكن العنوان بالتفاصيل","6"
"137","معرض اهلا لللمدارس في قاعة المؤتمرات يوميا من 20 حتى 27 اكتوير المعرض الدائم للشركه بمصر للجديدة بمنطقة الماظه بجوار مستشفى الكهرباء من 10 الى 5 يوميا ماعدا الجمعه للتواصل واتس اب 01001444798","6"
"138","العرض لسه شغال","6"
"139","ياسمين البسيوني متاح يافندم","6"
"140","فين المكان ولحد امتى","6"
"141","الصفوة لتنمية المهارات 27 سبتمبر مش أكتوبر","6"
"142","نروح Emy Mustafa","6"
"143","احمد يحيى أبو خديجة تعالا نروح","6"
"144","عايزين نروح Ahmed Yehia","6"
"145","ممكن اعرف انتو موجودين في انهي صالة في المعرض","6"
"146","هتكونوا موجودين فى معرض اسكندريه الصفوة لتنمية المهارات","6"
"147","لو سمحت عندك لعبه فوبيا الالوان","6"
"148","فين المكان","6"
"149","تحفه","7"
"150","أميرة رضا علي\n\n‎تشرفونا …See More","7"
"151","بكام العلوم والثقافى المصرى والمستورد","7"
"152","يمنتى يمنتى\n\nكل الاسعار مكتوبه قبل و بعد الخصم …See More","7"
"153","ممكن اشترى ادوات معينة ومش لازم المجموعة كلها","7"
"154","نحن من لبنان ممكن نحصل على المجموعة وكم السعر عال$","7"
"155","العرض مستمر لامتي","7"
"156","رفيدة المصرى\nفي منتجات خلصت\nمتتاخريش بالطلب","7"
"157","علبة الالوان. بكام","7"
"158","عايزين بالجمله لمكتبه","7"
"159","كل الاسعار مكتوبه قبل و بعد الخصم\n‏https://cutt.us/pEmfA","7"
"160","لحد امتي العرض","7"
"161","الصفوة لتنمية المهارات بيتم اعتماد الاسعار بعد الخصم الموجود بالموقع","7"
"162","ممكن الطلب من خلال رقم الوتس اب","7"
"163","لحد امتى العرض","7"
"164","الصفوة لتنمية المهارات ممكن رقم الفون بليز","7"
"165","عندكم شحن للسعودية ؟ وكم بيكلف؟","7"
"166","عندكم في ليبيا","7"
"167","الشراء بالعمله الليبيه ؟","7"
"168","يعني لو اخدت عرض\n٥٠٠٠ هاخد كل المناهج","7"
"169","الصفوة لتنمية المهارات لو سمحت حضرتك قصدك بالعرض 5000هاخد كل ادوات منتسورى لكل الاركان","7"
"170","بكم المجموعة كاملة لجميع المناهج و الاعمار","7"
"171","زهرة الحياة\n\nكل الاسعار مكتوبه قبل و بعد الخصم …See More","7"
"172","أم ام البنين...ايه الرحمن..","7"
"173","مريم سليمان عبدالحميد\n\n‎تشرفونا …See More","7"
"174","لوحة الضرب ...ولوحة القسمة سعرهم كام","7"
"175","ازاى أقدر أحصل على عرض ال30أو ال3000 ويأخد 2000؟؟","7"
"176","لبيسوو Nosa Alwerfaly","7"
"177","يقيني بالله شوفي","7"
"178","كل الاسعار مكتوبه قبل و بعد الخصم\n‏https://cutt.us/pEmfA","7"
"179","طب هو المناهج كلها بكام","7"
"180","بافلى ممدوح في حدود 17 الف بدلا من 34 الف","7"
"181","فين المكان","7"
"182","نور عبد الفتاح\nابعت على الوتس أب نبعت لك العنوان و مواعيد العمل\n٠١٠٠١٤٤٤٧٩٨","7"
"183","واصل لليبيا علي كم ❤","7"
"184","اتواصل واتس اب 01001444798","7"
"185","الكلاس كامل جميع الاقسام بكم","7"
"186","كل الاسعار مكتوبه قبل و بعد الخصم\n‏https://cutt.us/pEmfA","7"
"187","لو سمحتي سجادة المنتسوري بكام","7"
"188","ممكن تبعتلي قايمه الاسعار علي الخاص","7"
"189","كل الاسعار مكتوبه قبل و بعد الخصم\n‏https://cutt.us/pEmfA","7"
"190","بكم قسم الحياة الحسية والماث","7"
"191","كل الاسعار مكتوبه قبل و بعد الخصم\n‏https://cutt.us/pEmfA","7"
"192","بكام المجموعة كامله مستورد","7"
"193","كل الاسعار مكتوبه قبل و بعد الخصم\n‏https://cutt.us/pEmfA","7"
"194","بكام لوحه المائه وبكام التوصيل للجيزه امبابه","7"
"195","كل الاسعار مكتوبه قبل و بعد الخصم\n‏https://cutt.us/pEmfA","7"
"196","كم وكيف الشحن الي ليبيا لو سمحتم","7"
"197","وداد المريمي\n\nتشرفونا …See More","7"
"198","هناك شحن لتونس؟؟؟","7"
"199","أحلام اليحياوي اتواصلي مع الادارة على الواتس اب","7"
"200","عندكم شحن للبنان؟ والتكلفة ؟","7"
"201","نحن موحودين بلبنان","7"
"202","طيب احنا عملنا فاتورتين واحده ب 5000 وواحده 4000 ومخدناش هديه😁😁","7"
"203","ادوات مستوردة ولا صناعه مصرية","7"
"204","متاح مصري و مستورد","7"
"205","هل يوجد توصيل البيضاء ليبيا","7"
"206","01001444798 اتواصل واتس اب","7"
"207","ممكن كتالوج الليجو","7"
"208","مكانكوا فين ؟ و هل في شحن لطنطا","7"
"209","منهج اللغة بكام","7"
"210","جمييل","7"
"211","م","7"
"212","حنين صالح عباس\n\n‎تشرفونا …See More","7"
"213","ماشاء الله تبارك الله حاجات جميلة","7"
"214","م","7"
"215","ممتازة","7"
"216","@امل الناظر","7"
"217","متوفر دا حاليا","7"
"218","هل كتب الطاقه الكامنه من 2_3 موجوده","7"
"219","للو سمحت الاقي عندكم المجموعات الضمنيه الخاصه بجلسات التخاطب واسعارها كام لو موجوده؟","7"
"220","العرض لسه شغال ؟","7"
"221","برجاء السعر على كل لعبه","8"
"222","فعلا في نقص في منتجات كتير كل اما ابحث عن لعبة تبقي غير متوفر ...ايه العمل","8"
"223","هل العروض لسه مزجوده","8"
"224","أم عمر عمر موجوده","8"
"225","لو سمحت التوصيل لشبرا مصر بكام","8"
"226","فين من فضلك","9"
"227","ممكن اعرف نسبة الخصم بتحدد ازاي","9"
"228","بعد اذنكم سيبو رقم الهاتف","9"
"229","حمدي نصر الجرو\nمكتوب بالاعلان","9"
"230","هو المعرض ده هيكون ثابت ولا شوية و هيقفل و يخلص؟؟؟؟؟؟","9"
"231","في ليجو نينجاجو","9"
"232","المعرض مدته قد ايه ؟","9"
"233","بعد اذنكم فيه علب صغيرة ليجو لها اكتر من صورة جنب بعض ازاي واحنا بنعمل اوردر ع الموقع نختار الشكل ال احنا عايزينه","9"
"234","ممكن الكتالوج لو سمحتم","9"
"235","تم","9"
"236","بازل 3d ديناصورات وصل","9"
"237","مدة المعرض كام يوم","9"
"238","هو فين المكان","9"
"239","ممكن قائمه الاسعار لو سمحت وف توصيل محافظات؟","9"
"240","فيه جملة يافندم؟","9"
"241","الاسعار والطلبات علي الموقع\nSafwatoys.com","9"
"242","ماتعملوا فرع فى الاسكندرية","9"
"243","جملة ولا قطاعي","9"
"244","بخصم ٥٠%","9"
"245","بكام وفين","9"
"246","الخيمه بتاعه البنات موجده وبكام","9"
"247","ايناس زغلول محمد\nالاسعار علي الموقع safwatoys.com","9"
"248","لو سمحت بكام","9"
"249","بكم عربيه باتمان","9"
"250","لو سمحتم مانع غلق الأبواب للأطفال موجود عندكم؟","9"
"251","الاسعار لو سمحتم\nوبلاش ع الخاص","9"
"252","لعبة ميكانوا موجودة السعر كام","9"
"253","مالكوش فرع في اسكندريه","9"
"254","مش ناويين تعملو معرض في اسكندرية","9"
"255","اعرف الاسعار ازاى لو سمحتم","9"
"256","اسعار الجمله","9"
"257","ممكن قايمة بالمنتجات والاسعار جملة","9"
"258","خصم ٣٠ ٪ ده على القطعة الواحدة لو انا هشتري قطاعي صح كدة؟","9"
"259","مفيش فى اسكندرية 😭","9"
"260","المكان فين","9"
"261","بكام","10"
"262","أ.نجوي سعد استشاري اسري 25ج","10"
"263","بكام لو سمحت","10"
"264","رأيا أحمد 25ج","10"
"265","بكام جمله","10"
"266","سعرها كام","10"
"267","حاملات المسك لتحفيظ القرآن الأسعار علي الموقع بعد الخصم\nSafwatoys.com","10"
"268","فيه توصيل","10"
"269","حاملات المسك لتحفيظ القرآن متاح يافندم","10"
"270","التخفيضات والعروض دى موجودة ع طول؟","10"
"271","منى الجندى متاحه حاليًا","10"
"272","التوصيل ازاي","10"
"273","منى الجندى ده معرض دائم","10"
"274","بكام","10"
"275","اسمه ايه","10"
"276","في توصيل","11"
"277","فيه جمله ف القاعه دي ولا كله قطاعي","11"
"278","تم","11"
"279","ن","11"
"280","فين في مصر الجديده","11"
"281","فين","11"
"282","من 10 ل 5 معادا الجمعه","11"
"283","مش هتيجوا طنطا قريبا","11"
"284","محمد ابراهيم مودي ان شاء الله","11"
"285","هو الاون لاين عليه خصم برده","11"
"286","الخصومات لحد امتى من فضلك","11"
"287","اخر الشهر","11"
"288","فين المكان","11"
"289","هل متوفر لعبة كروت UNO بس يكون خامتها بﻻستيك وليس ورق، والسعر لو متوفرة ؟","11"
"290","الاسعار علي الموقع بعد الخصم\nSafwatoys.com","11"
"291","مساء الخير الاوردر بيوصل في قد اية بليز","11"
"292","عنوان القاعه فين فى مصر الجديدة والميعاد والساعة كام","11"
"293","منال حسن مصر الجديده امتداد شارع الثوره بجوار مستشفي الوطني للعيون\nكل يوم من 10 ل 5 معادا الجمعه","11"
"294","كود فوري بتاعكو لو سمحتوا","11"
"295","الصفوة لتنمية المهارات","12"
"296","بكام لو سمحت","12"
"297","بكام اسعار جمله لو سمحت","12"
"298","نور السما 55ج جمله","12"
"299","الجمله من كام قطعه لو سمحت","12"
"300","انا عملت اوردر و بعد ما دخلت كل البيانات شال اللعبه من السله بعد ما فضلت ساعة بختار و بدخل بيانات ..ارجو الرد","12"
"301","بكم الكتاب","12"
"302","بكام","12"
"303","محتاجه جمله","12"
"304","عايزة صور لأدوات منتسوري في جميع الاركان","12"
"305","في محتوى مختلف بعد اذنك ولا لا!","12"
"306","توصيل الغربية المحلة الكبرى كام","12"
"307","فين المكان","12"
"308","الصفوة لتنمية المهارات","13"
"309","ممكن اعرف ايه مدلول الحروف والأرقام اللي مكتوبه علي كل صورة","13"
"310","العنوان فين لو سمحت","13"
"311","تم","13"
"312","فين في مصر الجديدة لو سمحت؟","13"
"313","الجمعه لا\nمن ١٠ ل٥","13"
"314","سعر كام وكمان الشحن","13"
"315","قاعة العرض دي فين ؟؟","13"
"316","فين ف المنصوره لوسمحت","13"
"317","50ج","13"
"318","بكام والخامة ايه لوسمحت","13"
"319","لو سمحتى سعر قطعه البازل بكام","13"
"320","تم","13"
"321","اب،بكام وشحن المحلة كام","13"
"322","سيف حمزه سالم\nالأسعار موجوده في الموقع يا فندم بعد الخصم\nSafwatoys.com …See More","13"
"323","الاسعار وهل يوجد فواتير للمدارس الحكومي","13"
"324","فين فى مصر الجديدة","13"
"325","العنوان فين لو سمحت","13"
"326","مفيش فرع في الاسكندرية","13"
"327","ممكن اعرف الشحن كام","13"
"328","مواعيد العمل","13"
"329","لو سمحتوا في عندكم كروت الحروب الأبجدية ؟","13"
"330","ف توصيل لاسيوط او سوهاج","13"
"331","المكان فين","13"
"332","اولادى كنز حياتى مصر الجديدة امتداد شارع الثوره بجوار مستشفي الكهرباء والمستشفى الوطني للعيون","13"
"333","المواعيد من كام لكام","13"
"334","هبه اسلام من ١٠ ل ٥ ماعادا الجمعه","13"
"335","يعنى كل المنتجات متوفرة ف المعرض\nانا سالت كذا مرة وبتقولو مش كلها ف المعرض ..","13"
"336","شغالين يوم ٢٣/٧؟للاهميه","13"
"337","في توصيل لاسيوط حضرتك","13"
"338","الرجاء امل فيه توصيل","13"
"339","بكم و العنوان بالتفصيل","13"
"340","التوصيل بكم للعبور","13"
"341","شوفو الحاجات دى ف افكار حلوه Reham Atya Mora Hamdy","13"
"342","م","13"
"343","والمكان فين","13"
"344","نسر البريه مصر الجديدة امتداد شارع الثوره بجوار مستشفي الكهرباء والمستشفى الوطني للعيون","13"
"345","استر كام وكمان الشحن","13"
"346","هى القطع دى بتبقي خشب ولا كرتون","13"
"347","طوال ايام الاسبوع؟؟؟","13"
"348","م","13"
"349","لو سمحت يا فندم عندكم لعبة المغناطيس وبكم","13"
"350","ام يوسف في اكثر من نوع ممكن تختار من الكتالوج او الموقع","13"
"351","فين الاسعار والخصومات","13"
"352","موجود سبوره مغناطيسيه وبكام ولمض الخرز وبكام","13"
"353","فى كتالوج باللعب واسعارها ؟؟؟","13"
"354","معلش ممكن اعرف خصومات 50% علي منتجات ايه","13"
"355","إمتى","13"
"356","الاسعار","13"
"357","المكان فين","13"
"358","الشحن لحد قنا كام","13"
"359","بكام","13"
"360","بكام","13"
"361","العنوان لو سمحت","13"
"362","الصفوة لتنمية المهارات","14"
"363","عاوزه واحد من فضلك","14"
"364","٥٠ج تقريبا","14"
"365","مناسبه من سن كام لكام","14"
"366","عاوز ٣ لو سمحت","14"
"367","الصفوة لتنمية المهارات","15"
"368","بكام","15"
"369","لوسمحت عندكوا جمله","15"
"370","هو خامته ايه لو سمحت قماش","15"
"371","جميل","15"
"372","توصيل كام حداءق الاهرام","15"
"373","عايزه حاجه مناسبه لسن سنتين ونص","15"
"374","الصفوة لتنمية المهارات","16"
"375","الاسعار","16"
"376","جميله اوي بس الأسعار المكتوبه العروسه الواحده ولا للمجموعة...","16"
"377","محمود السعيد العروسه الواحده","16"
"378","بكام وفي اونلاين","16"
"379","ع كم معليش","16"
"380","ده cute اوي","16"
"381","حضرتك منين محل ولا اون لاين","16"
"382","بكام العروسة ؟","16"
"383","بكام","16"
"384","حجمها ايه","16"
"385","بكام والمكان فين","16"
"386","بكام","16"
"387","الاسعار والمكان","16"
"388","بكام","16"
"389","السعر كم🤔🤔🤔","16"
"390","رائع بكام","16"
"391","بكام","16"
"392","بكام جملة","16"
"393","ممكن الاسعار ؟","16"
"394","منين وبكام","16"
"395","فين المكان","16"
"396","لأ يوجد فروع فى الإسكندرية","17"
"397","في فرع بالفيوم ام لا","17"
"398","هو البيع أون لاين ولا محل","17"
"399","مصر الجديدة امتداد شارع الثوره بجوار مستشفي الكهرباء والمستشفى الوطني للعيون كل يوم معادا الجمعه من ١٠ ف ٥","17"
"400","العنوان بالضبط وسعر الحروف","17"
"401","انا ميدو سعيد\nمصر الجديدة امتداد شارع الثوره بجوار مستشفي الكهرباء والمستشفى الوطني للعيون\nالاسعار مكتوبه في البوست","17"
"402","متابع","17"
"403","انا مش فاهمه الجمله سعر اقل ازاي","17"
"404","اقل ازاي يافندم ؟","17"
"405","لوسمحت عاوزه الاسعار الجمله اشوفيها فين","17"
"406","فين العنوان","17"
"407","ممكن اعرف عدد المجموعة كاملة فيها كام لعبة لو كنت هاخد من كل نوع واحدة من ٥٠٠ جرام تعمل كام لو سمحت","17"
"408","الف شكر هنتواصل مع حضرتك","17"
"409","م","17"
"410","م","17"
"411","تم","17"
"412","بكام الشحن","17"
"413","تم","17"
"414","لوسمحت هو مكان ولا اونلاين","17"
"415","مصر الجديده امتداد شارع الثوره بجوار مستشفي الوطني للعيون","17"
"416","الجمله من كام قطغه لو يمحت\nوكام والشحن لنبروه المنصوره دقهليه","17"
"417","الشحن ف حدود ٥٠ج","17"
"418","فين المكان بدمنهور","17"
"419","50ج تقريبا","17"
"420","الجمله من كام قطعه وشحن الاسكندريه كام","17"
"421","الكرتونه فيها كام قطعه","17"
"422","الشحن كام للمنيا","17"
"423","٥٠ج\nالطلب علي الموقع لتستفيدي من الخصم","17"
"424","الجملة كام قطعة","17"
"425","كرتونه","17"
"426","جابر احمدجابر زى دى","17"
"427","هل فيه مبتكر عصيان نص كياو","17"
"428","في شحن شبرا","17"
"429","اه يافندم","17"
"430","العبوه كلها شكل واحد ولا مشكله وفين المكان","17"
"431","مصر الجديدة امتداد شارع الثوره بجوار مستشفي الكهرباء والمستشفى الوطني للعيون","17"
"432","الجملة تبدأ من دستة ولا أكثر","17"
"433","الخامات أمنة على صحة الأطفال ؟","17"
"434","في شحن للعريش وبكام","17"
"435","طب المفروض اخد كام قطعه عشان استفيد بالخصم 50% كامل","17"
"436","إسراء أحمد ١٢ قطعه من نفس المنتج","17"
"437","نظام الجمله مشكل متاح ولا ايه","17"
"438","ممكن المكان","17"
"439","هل الجملة الاكياس شكل واحد و لا مشكل ؟","17"
"440","هل هناك توصيل ااجيزة","17"
"441","أماني شوقي متاح","17"
"442","الجمله كام قطعه والعنوان","17"
"443","فين المكان","17"
"444","المكان فين","17"
"445","فين المكان","17"
"446","مكه المكرمه\nمصر الجديدة امتداد شارع الثوره بجوار مستشفي الكهرباء والمستشفى الوطني للعيون","17"
"447","ممكن اسال الكرتونه فيها قد ايه وممكن تكون مشكله","17"
"448","المكان فين","17"
"449","بكام","17"
"450","لو سمحت عايز الاسعار جمله لمكتبه","17"
"451","جمله تبدأ من كام قطعه","17"
"452","الشحن للاسماعيليه بكام لو سمحتى لو محتاجه","17"
"453","العنوان","17"
"454","لو سمحت الالعاب دي من سن كام","17"
"455","الجمله من اول كام قطعه","17"
"456","فين المكان","17"
"457","فين المكان","17"
"458","يوسف ابوزيد مصر الجديدة امتداد شارع الثوره بجوار مستشفي الكهرباء والمستشفى الوطني للعيون","17"
"459","فين العنوان في ااقاهره او في الذقاذيق","17"
"460","راجيه الرحمن\nمصر الجديدة امتداد شارع الثوره بجوار مستشفي الكهرباء والمستشفى الوطني للعيون","17"
"461","الشحن لطنطا بكام ؟؟ ونظام الدفع ايه؟؟","18"
"462","الشحن ٥٠ج تقريبا","18"
"463","بكام","18"
"464","في شحن لاسيوط","18"
"465","فى عربى جبت الرياضيات وطلع ماث","18"
"466","الصفوة لتنمية المهارات هو أكبر سن للكتب دي كام","18"
"467","بكام","18"
"468","بكام الاسكندرية،وهل هي كتب تعليمية وتأهيل لمرحلة قبل المدرسة؟؟","18"
"469","بكام المجموعه لسن سنتين؟","18"
"470","بكام المجموعة كاملة من فضلكم","18"
"471","شهادة حق منى انتم فعلا متميزين\nانا ابنى مكنش بيعرف حاجه فى الماث\nلما بالصدفه كنت فى ارض المعارض واشتريت منكم كتابين اجربهم بجد كتب فى منتهى الروعه واتعلم منهم كويس وكان بيحب الكتاب وبيشتغل فيه لوحده ومن ساعتها وانا عايزه اوصلكم علشان اشترى تانى 👌👌","18"
"472","الصفوة لتنمية المهارات","18"
"473","م","18"
"474","تم","18"
"475","الكتب دي حلوه قوي بنشتغل منها من فتره كبيره","18"
"476","بكام الشحن للاسماعيلية","18"
"477","من سنتين","18"
"478","وين موجودين بمدينة نصر وقت جبتيلي منهم\nعم فكر جيب كمان\nReem Sabouni","18"
"479","ممكن اكلم حضرتك علي الخاص","18"
"480","ممكن صور من داخل الكتب","18"
"481","مفيش حاجه مناسبه لسن ٨ سنين","18"
"482","الاسعار دي جمله و لا قطاعي و التوصيل اسكندريه بكام","18"
"483","تم","18"
"484","لسه موجودين وبكام","18"
"485","ابنى ٣ سنين و نص ابدا معاه بأى مجموعة الاولى و لا التانية حسب سنه ؟\nو المجموعة كلها سعرها كام ؟؟؟","18"
"486","عايزه اعرف محتواه ايه لسنتين","18"
"487","من أحب المجموعات إلى قلبي 😍\nبإستثناء مجموعة ال craft فيهم الحقيقة 😂🙈","18"
"488","مناسبة بداية من سن كام سنة","18"
"489","تم","18"
"490","م","18"
"491","الشحن للمنصوره بكام؟","18"
"492","هل عندكم كتاب amazing you\nأو كتاب لا تلمسنى او اى كتب تعلم الاطفال الثقافه الجنسيه لعمرهم","18"
"493","بكام سعر مجموعة 6سنوات","18"
"494","بكام طنطا .ونظام الدفع .طفل ٤سنوات","18"
"495","ممكن صوره للقدرات الذهنيهسن من٥الي٦","18"
"496","الشحن ل المنيا بكام","18"
"497","السلسلة كاملة لكل الأعمار لسة متوفرة انجليزي ؟","18"
"498","اية الأعمار المتاحة للقدرات الذهنية والحساب عربي","18"
"499","التوصيل للقاهرة بكام","18"
"500","بكام المجموعه الخاصه بعمر سنتين وهل بالعربي ولا الانجليزي","18"
"501","الشحن للمحافظات ب 50اي كان اللي هطلبه\nولا بالوزن ؟","18"
"502","اصغر سن للكتب ايه","18"
"503","الشحن كام في للنعام في القاهرة","18"
"504","يارب احفظنا ٥٠ج تقريبا","18"
"505","الشحن للهرم بكام","18"
"506","كتب تطوير القدرة الذهنيه مكتوب غير متوفر على الموقع اوصلها ازاى","18"
"507","الصفوة لتنمية المهارات والله","18"
"508","بكام المنصوره ❓ ❓","18"
"509","بكام المجموعة ممكن اسعار كل سن من فضلك","18"
"510","بكام والشحن لا اسوان كام","18"
"511","بكام من فضلك ؟","19"
"512","بكام","19"
"513","بكام","19"
"514","في حاجات عن جسم الإنسان مناسب لاربع سنوات","19"
"515","السعر جملة كام","19"
"516","عاوز جملة","19"
"517","بكام","20"
"518","خارج مصر جمله فقط\nالفيديو من تصوير شركة الصفوة","20"
"519","شوف الشغل بتاع الصفوة محمد طوخي","20"
"520","شوفي دا كدا ل منه صلاتي حياتى","20"
"521","فى كتب خشب","20"
"522","هاجر عيسى عبداللطيف خدي أفكار بقه","21"
"523","بصى Ibtissam Dawood","21"
"524","انا بدور عليه بقالي كتير بكام 😍😍😍","21"
"525","بكام الكتاب لو سمحتى 😍😍😍","21"
"526","الكتاب كام صفحه","21"
"527","الله بصي Faten Elaskary ايه رئيك اعمل لرؤي شبه كدا","21"
"528","لو ف شحن الشرقيه بكام","21"
"529","الصفوة لتنمية المهارات بكام شحن الشرقيه","21"
"530","سلمى سعيد\nسارة الصغير\nOm Malek …See More","21"
"531","رضا السحراوى شايفة يا ماما الكتب دى حلوة اوى","21"
"532","فين المكان","21"
"533","يوجد خدمه توصيل","21"
"534","المجموعه بكام","21"
"535","حلوه جدا جدا","21"
"536","بكام الكتاب","21"
"537","بص دولAhmed Sakr","21"
"538","بكم لو سمحت","21"
"539","واحد","21"
"540","راما مصطفى صديق\nشوفي حلو","21"
"541","الكتاب كام نشاط وبكام","21"
"542","بكام الكتاب","21"
"543","المجموعه كلها بكام وهل يوجد توصيل لمحافظه بني سويف","21"
"544","٧٧ج بعد الخصم","21"
"545","هو الكتاب الواحد ب ٧٧ ؟ و لو في شحن للاسماعيلية بكام","21"
"546","يبدأ لاطفال عمر كام","21"
"547","بكام","21"
"548","شحن الاسكندريه بكام","21"
"549","بكام","21"
"550","ام أنس خالد ٧٧ج","21"
"551","بكام","21"
"552","بكام","21"
"553","السلام عليكم\nكيف يمكنني الحصول عليها الكتاب التفاعلي وعلى كم","21"
"554","بكام الشحن البحيره والكتاب فيه كام نشاط","21"
"555","يناسب سن كام","21"
"556","المكان فين","21"
"557","بعد ازنك الكتاب بكام","21"
"558","رقية أبو شعرة ٧٧ج بعد الخصم","21"
"559","كم نشاط وبكم","21"
"560","٣ سنوات","21"
"561","الشحن لاسيوط كام لو سمحتم","21"
"562","ملكه زماني آيسل ٥٠ج تقريبا","21"
"563","في مجسمات ثلاثيه الابعاد وثنائيه الابعاد","21"
"564","بكام الكتاب سن ٤ سنين وسن سنتين","21"
"565","مصر الجديده امتداد شارع الثوره بجواو مستشفي الكهرباء","21"
"566","م","21"
"567","بكام من فضلك","21"
"568","طب محتواه ايه ايه النشطات ال فيه","21"
"569","بكام الكتاب لو سمحت\nوكم توصيل المنيا","21"
"570","بكام الكتاب وبكام التوصيل للقاهره وايه النشاطات اللي فيه..؟","21"
"571","لو في شحن العاشر من رمضان يبقي كام","21"
"572","بكام الكتاب لوسمحتم والشحن اسكندريه كام","21"
"573","٧٧ج الشحن ٥٠ج","21"
"574","مناسب لسن كام و بكام","21"
"575","بكام و الشحن للزقازيق بكام","21"
"576","فيه مطباخ الاطفال","22"
"577","فيه ايه تاني عندكم لتنميه المهارات","22"
"578","بصى الكتاب دة Makkah Safwat","22"
"579","بكام من فضلك","22"
"580","بكم","22"
"581","بكام للضروره","22"
"582","الشيماء عبد العظيم ٧٧ج","22"
"583","بكام","22"
"584","مناسبة لسن اد ايه من فضلك ؟","22"
"585","فين مكر الشركه بالظبط\nوسعره كام جمله","22"
"586","التواصل ازاي","22"
"587","عايزة من دة لو سمحت","22"
"588","حجمها قد ايه ؟","23"
"589","بكام","23"
"590","أم الفاءتين أم الفاءتين ٣٣ج","23"
"591","أسعار الجمله اي","23"
"592","الصفوة لتنمية المهارات","24"
"593","بكام","24"
"594","عندى صفحه لعرص الألعاب هل يمكن التعامل","24"
"595","سعر","24"
"596","بكام","24"
"597","السعر عاشان عايز كميه","24"
"598","محمد بدر الاسعار علي الموقع بعد الخصم\nSafwatoys.com","24"
"599","بكام؟","24"
"600","في العاب جماعيه كتيره محتاجينها مش متاحه ياريت تتوفر زي اسطمبات الرسم والتلوين ولعبة السهم وكتير صراحة غير متوفر","25"
"601","و الغير متاح ان شاء الله يتوفر قريبا","25"
"602","انتوا مقركوا فين ؟ الشحن لطنطا بكام ؟ والشحن لمدينه نصر كام لو سمحت ؟","25"
"603","عنوانكم فين ؟","25"
"604","لو سمحتي السكربل بكام وفي منه عربي وانجليزي","25"
"605","في فروع في المحافظات او توصيل","25"
"606","ممكن اضافه الأسعار علي الألعاب لو سمحت","25"
"607","بكام","26"
"608","بكام","26"
"609","ام منذر ياسين\nالأسعار موجوده في الموقع يا فندم بعد الخصم\nSafwatoys.com","26"
"610","بصى دول حلوين أوى Mona Mahmoud","26"
"611","بكام مجسمات الحيونا ت والاسماك والحشرات","26"
"612","يا ريت الاسعار في كل منتج","26"
"613","حلم الأماسي\nالأسعار موجوده في الموقع يا فندم بعد الخصم\nSafwatoys.com","26"
"614","بكام مجسمات السمك والحشرات","26"
"615","فين المكان","26"
"616","المكان فين","26"
"617","ياريت الاسعار","26"
"618","إم مازن\nالأسعار موجوده في الموقع يا فندم بعد الخصم\nSafwatoys.com","26"
"619","بكام الاسعار محتاج كميات\nوسعر كل نوع","26"
"620","رجاء إرسال أسعار كل. شكل من فضلك","26"
"621","بكام الشحن الاسكندرية","26"
"622","الشحن لاسوان بكام","26"
"623","جنة الرحمن ٥٠ج تقريبا","26"
"624","ممكن تبعتولى الاسعار وكيفية الشحن وسعرةعلى الخاص","26"
"625","بكام والتوصيل بكام","27"
"626","كل محموعه فيها كام كرت","27"
"627","ايوه يافندم","27"
"628","فسيكفيكهم الله\nربنا يكملك الشفا\nشوفى ال بوست","27"
"629","بكام","27"
"630","لو شمحت توضيل المعادي او المقطم بكام","27"
"631","مصر الجديدة امتداد شارع الثوره بجوار مستشفي الكهرباء والمستشفى الوطني للعيون","27"
"632","وفين المكان","27"
"633","بكام المجموعه","27"
"634","بكام","27"
"635","بكام الشحن للعاشر من رمضان","27"
"636","بكام الشحن للأقصر","27"
"637","لسن كام","27"
"638","هل في شحن خارج مصر","27"
"639","الصفوة لتنمية المهارات شكرا","27"
"640","المجموعه كامله بكام","27"
"641","بكام","27"
"642","شحن اليكس","27"
"643","بكام المجموعة","27"
"644","المجموعه بكام","27"
"645","بصراحه طريقه الطلب من ع الموقع معقده ومش سلسه مش عارفه اطلب اوردر ليا فتره","27"
"646","بكام المجموعة الكامله التوصيل لبني سويف","27"
"647","كام مجموعه","27"
"648","في اكتر من مجموعه غير متوفره\nزي الخضروات والفواكه والحيوانات والمعكوسات ياريت يتم توفيرها قريب","27"
"649","بكام والشحن للشرقيه بكام","27"
"650","بعد أذنك اطلب ازاي\nانا دخلت علي الموقع وطلبت حاجه وكتبت العنوان بس كتبلي طلبك معلق\nمش فاهمه المفروض اعمل ايه عشان اكمل الطلب","27"
"651","بكام لو سمحت","27"
"652","بكام من غفضلك","27"
"653","المجموعة الضمنية كاملة كلها بكام و التوصيل لمحافظة أسوان بكام","27"
"654","بكام والشحن كام","27"
"655","تم","28"
"656","المكان فين","28"
"657","السلام عليكم","28"
"658","كنت عايز اطلب اوردر اسيوط وكنت عايز اعرف الاسعار","28"
"659","من فضلك بتقبلوا دفع بالفيزا بالمحل","28"
"660","دى أفكار للألعاب اللى حابة أجيبها ل ليما Hossam El Hadary","28"
"661","الصفوة لتنمية المهارات تمام","28"
"662","عايزه اعمل اوردر","28"
"663","بالبنان هيدا المحل","28"
"664","في توصيل المنيل؟","28"
"665","في توصيل الهرم؟","28"
"666","فاتحين بكرا","28"
"667","المكان فين","28"
"668","المكان فين لو سمحت","28"
"669","يوجد جمله","28"
"670","احمد أحمد شيخون","28"
"671","فين المكان","28"
"672","رضا الرحمن\n\nمصر الجديدة امتداد شارع الثوره بجوار مستشفي الكهرباء والمستشفى الوطني للعيون","28"
"673","بكام اول صوره!","28"
"674","التوصيل لمدينة نصر بكام","28"
"675","المكان فين","28"
"676","عايدة المكباتى\nمصر الجديدة امتداد شارع الثوره بجوار مستشفي الكهرباء والمستشفى الوطني للعيون","28"
"677","ايه العاب مناسبة لطفل ست شهور لو سمحت","28"
"678","لو عايزه اعرف اسعار الجمله وهل في توصيل للمنصوره ؟","28"
"679","متاح توصيل يافندم","28"
"680","ممكن اعرف المناسب لسن 3 سنوات","28"
"681","لو سمحت عملت اوردر علي الموقع و عملت الدفع عند الاستلام و مكتوب ان الطلب معلق هو لازم ابعت رساله علي الواتس ؟ و المفروض يتبعت خلال كام يوم ؟","28"
"682","ايه الالعاب اللى تناسب سن سنتين و4شهور","28"
"683","ايه الألعاب اللي تناسب سن ٣سنين","28"
"684","الالعاب المناسبة لسن ٣سنين وسنة ونص","28"
"685","توصيل المقطم كام","29"
"686","شوفتى ده ٣٠ فى الميه خصم و من غير جمله لو بالجمله بيوصل ٤٠ فى الميه . احنا فقر من يومنا Samsameh Mohamed","29"
"687","مكنش فيه خصم عالموقع والاسعار زي ما هي ؟","29"
"688","العرض يخلص امتى ؟","29"
"689","في توصيل من فضلك ؟","29"
"690","توصيل المحافظات بكام لو سمحت","29"
"691","تم","29"
"692","موجود ترابيزات وكراسى","29"
"693","لو ممكن الخاص","29"
"694","مجدى كامل ابعتلنا يافندم","29"
"695","انتم مش بتردوا ليه","29"
"696","توصيل ل حلوان بكام","29"
"697","لو سمحت ممكن تليفون حضرتك أو تليفون الوتس للتواصل مع حضرتكم","29"
"698","اتكلمت ع الواتس اسأل ع كذا لعبه عشان اشتريها بعت صور اللعب اسأل موجودين ولا لأ و بكام روحتوا رديتوا عليا بلينك و يقولي ادور انا بجد خدمه عملاء ع اعلى مستوى قفلتوني منكم","29"
"699","ممكن اسعار للمنتجات","29"
"700","الاسعار علي الموقع بعد الخصم يافندم\nSafwatoys.com","29"
"701","الصفوة لتنمية المهارات","30"
"702","التوصيل كام عين شمس","30"
"703","بكام لو سمحت","30"
"704","كل الأسعار على الموقع الإلكتروني بعد الخصم\nSafwatoys.com","30"
"705","فين اسعار الجملة من فضلك","30"
"706","بكم المجموعة","30"
"707","ممكن اشوف باقي اشكال الالوان","30"
"708","عايزه العاب لسن 11سنه موجوده","30"
"709","الميكانو بكام","30"
"710","مفيش الميكانو","30"
"711","هو خشب؟","30"
"712","مني خليل هو ايه يافندم","30"
"713","والتوصيل المعادي","30"
"714","مني خليل ٥٠ ج تقريبا","30"
"715","ممكن الاسعار","30"
"716","ممكن الاسعار","30"
"717","فى جمله","30"
"718","التوصيل للهرم كام","30"
"719","الألوان المائية مخصصة للأطفال بتروح بالمي ؟\nولا عادية","30"
"720","ليه مش كاتبين اسعار كل حاجة تحت الصورة","30"
"721","عندكم حاجات لسن ١٠ سنوات","30"
"722","بالتوفيق","30"
"723","العبور شحن كام","30"
"724","للاسف معظم الحاجة اللي موجودة عالموقع خلصانة ، بعد ما اخترت و جهزت الاوردر ،لقيت ٩٠٪ منه غير متاح","31"
"725","الموقع عليه الاسعار ووصف لكل منتج يافندم\nSafwatoys.com","31"
"726","لو سمحت التواصل ازاى","31"
"727","كل الأسعار علي الموقع يا فندم\nhttp://safwatoys.com/index.php?route=product%2Fsearch...","31"
"728","في تانجرام","31"
"729","المؤمنة الموحدة","31"
"730","الأسعار اي","31"
"731","العنوان فين","31"
"732","الأسعار لو سمحت","31"
"733","هل موجود ألعاب ليجو؟","31"
"734","متاح عدة انواع\nsafwatoys.com/index.php?route=product/search&search=W71-","31"
"735","بص هنا AbdAllah Al-sayed","31"
"736","بكام فيه توصيل للبحيره","31"
"737","الرحيق المختوم فيه توصيل","31"
"738","لو سمحت ف شحن المنصوره","31"
"739","إيمان عثمان فيه شحن","31"
"740","بكام قطر الارقام","31"
"741","حاجاتكم كلها حلوة بس رجاء كاتبه الاسعار على كل لعبه تعليميه او اىلعبه","31"
"742","حلوة","32"
"743","تم","32"
"744","فين المكان","32"
"745","ام ملك ويوسف وعبوود مصر الجديدة امتداد شارع الثوره بجوار مستشفي الكهرباء والمستشفى الوطني للعيون","32"
"746","ممكن تعرض العاب سن سنه ولد","32"
"747","المكان لو سمحت","32"
"748","عبد الرحمن مصر الجديدة امتداد شارع الثوره بجوار مستشفي الكهرباء والمستشفى الوطني للعيون","32"
"749","في توصيل ع. لبنان؟","32"
"750","المكان فين","32"
"751","بكام","32"
"752","ممكن العنوان تفصيلي بأسيوط","32"
"753","الالعاب المتاحه لسن 3 سنوات","32"
"754","بكام الشحن للسويس","32"
"755","ياريت الاسعار وايه الالعاب ال تناسب عمر سنتين ونص","32"
"756","السلام عليكم اللعبة دي بكم","32"
"757","فيه اسعار جمله ممكن رقم للتواصل","32"
"758","ممكن صور","33"
"759","العنوان فين لو سمحت وأيه أسعار الجملة","33"
"760","انا عايزه كل دول محمد أبو حليمه","33"
"761","بص تحفه اوي Mohamed Adel","33"
"762","محافظة اه؟؟","33"
"763","لو سمحت ليكوا مكان للعرض والبيع ولا اونلاين بس ؟!","33"
"764","المكان فين بعد اذنك","33"
"765","بكام","33"
"766","مريومه محمد\nكل الأسعار بعد الخصم موجوده ع الموقع\nSafwatoys.com","33"
"767","كنت عايزة العنوان","33"
"768","وفين المكان","33"
"769","بكام","33"
"770","انا عاوزة كل دول😂 Mariem Darrag","33"
"771","ممكن تبعت العاب 3سنوات لولد","33"
"772","كنت عايزة لعبة التانجرام","33"
"773","فين المكان لوسمحت","33"
"774","نسمات عطره نسمات عطره مصر الجديدة امتداد شارع الثوره بجوار مستشفي الكهرباء والمستشفى الوطني للعيون","33"
"775","في جمله","33"
"776","المكان فين لو سمحت","33"
"777","فين المكان","33"
"778","بكام الساعه الرمليه","33"
"779","ممكن ابعتيلى العاب سنه ولد","33"
"780","بكام دي","33"
"781","العنوان والأسعار لو سمحت","33"
"782","امانى احمد\nمصر الجديدة امتداد شارع الثوره بجوار مستشفي الكهرباء والمستشفى الوطني للعيون","33"
"783","العنوان","33"
"784","معذره قريب من 76ش ثورة","33"
"785","بكام","33"
"786","بكام العربيه","33"
"787","محمود امين\n122ج","33"
"788","بكام","33"
"789","الالعاب المناسبه لخمس سنوات","33"
"790","ممكن تنزلوا الأسعار مع كل صوره","34"
"791","وفيه توصيل","34"
"792","الثمن","34"
"793","سلمي علاء الدين\nكل الأسعار بعد الخصم موجوده ع الموقع\nSafwatoys.com","34"
"794","المكان فين","34"
"795","العنوان فين لو سمحت","34"
"796","المكان فين لو سمحتي","34"
"797","مهو المتاح لسن 3 سنين","34"
"798","كام اسعار المكعبات جملة؟","34"
"799","ممكن الاسعار","34"
"800","لوسمحت أنا بعت حاجات على الواتس اب عاوزاها\nقالي اطلب من الصفحة\nمش فاهمة حضرتك اعمل ايه","35"
"801","المكان فين","35"
"802","بكام الشحن للفيوم لو سمخت","35"
"803","السلام عليكم\nفيه من ٣ سنوات ليجو من فضلك","35"
"804","ده اللى تقصديها Jefra Ahmed","35"
"805","ايمان إيمان محمد الحسينى","35"
"806","الاسعار اية","35"
"807","فين المكان","35"
"808","بكام اللعب دى 😄😄🤗😊😉","35"
"809","الاسعار","35"
"810","بكام وكام قطعه","35"
"811","بكام","35"
"812","حسام عبدالله الديب\nكل الأسعار بعد الخصم موجوده ع الموقع\nSafwatoys.com","35"
"813","لو سمحت بسال لطفل من سته شهور لسنه العاب تنسبه","35"
"814","اللعبة بكام وشجن الإسكندرية بكام","35"
"815","الشحن في حدود ٥٠ج","35"
"816","بكام لو سمحت والشحن الاسكندريه","35"
"817","الشحن في حدود ٥٠ج","35"
"818","بكام","35"
"819","من فضلك هل في فرع ببورسعيد وهل متوفر شحن","35"
"820","الشحن السويس بكام","35"
"821","عوزه لعب تناسب سن ٥ سنين","35"
"822","موجود العاب فك وتركيب لسن 12سنه ؟","35"
"823","محمد شامة\nموجود ميكانو وليجو\nSafwatoys.com","35"
"824","لو سمحت عايز اعرف اسعار المنتجات وهل يوجد خصم ايضافى لتجار الجملة بالاضافة لخصم ال٣٠%؟","35"
"825","موجود العاب فك وتركيب لسن 10 سنين","35"
"826","لله الحمد\nمتاح ميكانو معدن البلاستيك وخشب","35"
"827","مواعيد صالة العرض امتي؟؟","36"
"828","فيه خصم للجمله","36"
"829","كام الشحن وسط البلد","36"
"830","فيه ليجو سن ثلاث سنوات","36"
"831","بكام","36"
"832","حسام جمبنا عند مستشفي العيون","36"
"833","بكام طيب","36"
"834","المكان فين","36"
"835","بكام","36"
"836","بكام","36"
"837","محمد رياض\n\nكل الأسعار علي الموقع يا فندم …See More","36"
"838","بكام","36"
"839","ام السيد باشا\n\nsafwatoys.com/index.php?route=product/search&search=W71-…See More","36"
"840","بكام من فضلك","36"
"841","كام لوسمحت","36"
"842","بكام","36"
"843","مسلمه مومنه\nكل الأسعار علي الموقع يا فندم\nhttp://safwatoys.com/index.php?route=product%2Fsearch...","36"
"844","بكام","36"
"845","بكام","36"
"846","بكام","36"
"847","الاء عادل\n\nsafwatoys.com/index.php?route=product/search&search=W71-…See More","36"
"848","عايزة الليجو العرض بتاع الف قطعه وشحن للمعادي","36"
"849","بكام","36"
"850","عماد وحيد\n\nكل الأسعار علي الموقع يا فندم …See More","36"
"851","لو سمحت، في فرع في بورسعيد او وكيل؟؟","36"
"852","بكام وكام توصيل بورسعبد","36"
"853","التوصيل ف حدود ٥٠ ج","36"
"854","بكام","36"
"855","بكام","36"
"856",".بكام","36"
"857","بكام وخامتها ايه","36"
"858","بلاستيك","36"
"859","مصاريف الشحن كام","36"
"860","ليجو عروسه البحر ٤٠٠ قطعه بكام","36"
"861","بكام","37"
"862","بكام","37"
"863","السلام عليكم كم السعر","37"
"864","ياريت اسعار","37"
"865","حلا دودو Asmaa Sadek الاسعار علي الموقع بعد الخصم\nSafwatoys.com","37"
"866","بيكم","37"
"867","الامل. بالله Asmaa Sadek الاسعار علي الموقع بعد الخصم\nSafwatoys.com","37"
"868","بكام والمكان فين","37"
"869","دودو محمد Asmaa Sadek الاسعار علي الموقع بعد الخصم\nSafwatoys.com","37"
"870","بكم وين مكان المحل","37"
"871","ام سند Asmaa Sadek الاسعار علي الموقع بعد الخصم\nSafwatoys.com","37"
"872","بكام لو سمحت وياريت حضرتك تنزل السعر اللعبه علشان الكل هيدخل يسال","37"
"873","بسمه امل Asmaa Sadek الاسعار علي الموقع بعد الخصم\nSafwatoys.com","37"
"874","،الاسعار.لو.سمحت","37"
"875","بكام لو سمحت","37"
"876","بكام الأسعار","37"
"877","سعر للأفراد بكام","37"
"878","فيه فيديو بشرح طريقه التسجيل علي الموقع\nSafwatoys.com","37"
"879","كان فى لعب ليجو لو سمحتم كنت منزلنها","37"
"880","سمية ربيع ٥٠ج","37"
"881","الاسعار لو سمحت","37"
"882","بكام والتوصيل لفين","37"
"883","دودى دودي\n\nsafwatoys.com/index.php?route=product/category&path=77_82…See More","37"
"884","ممكن تكتبوا الأسعار فضلًا ؟؟","37"
"885","الاسعار مع الصور","37"
"886","بكام لو سمحت","37"
"887","ام رهف\n\nhttp://safwatoys.com/index.php?route=product%2Fcategory... …See More","37"
"888","بكام","37"
"889","مينا النون\n\nsafwatoys.com/index.php?route=product/category&path=77_82…See More","37"
"890","بكام","37"
"891","سعرها كام","37"
"892","بكام","37"
"893","بكام","37"
"894","بكام","37"
"895","السعر كام","37"
"896","ممكن الاسعار مع الصور","37"
"897","بكام","37"
"898","أم محمد\n\nsafwatoys.com/index.php?route=product/category&path=77_82…See More","37"
"899","بكام السعر","37"
"900","ألسيد علاء الادريسى\n\nsafwatoys.com/index.php?route=product/category&path=77_82…See More","37"
"901","بكام","37"
"902","استغفرك ربى واتوب اليك\n\nsafwatoys.com/index.php?route=product/category&path=77_82…See More","37"
"903","بكام","37"
"904","بكام","37"
"905","بكام","37"
"906","الاء غلاب\n\nsafwatoys.com/index.php?route=product/category&path=77_82…See More","37"
"907","بكام","37"
"908","بكام","37"
"909","بكام","37"
"910","ياريت الاسعار","37"
"911","اخبار حمامات السباحه ايه َمقاستهاو اسعارها","37"
"912","السعر","37"
"913","جميله بكام","37"
"914","السعر لكل شكل","37"
"915","م","37"
"916","بكم","37"
"917","لو سمحتم طلب حاجات كتير وللاسف استلمتها وكان في حاجه متعلم عليها ٢ وانهم موجودين وللاسف لقيت واحده بس خلاص كدا هو لازم اراجع من مندوب الشحن الطلب ولا ايه وهل بيحصل جرد للتاكد ولا كدا خلاص","37"
"918","بكام","37"
"919","ام عمار عبد الله\nالاسعار كلها هنا …See More","37"
"920","بكام الوحده","37"
"921","بيكم السعر","37"
"922","العروض المتاحة ايه","37"
"923","الصفوة لتنمية المهارات متاح الخصم لغاية امتا","37"
"924","بكم","37"
"925","ميار واحمد\nكل منتج بسعر مختلف\nاضغط الرابط و شوف السعر قبل و بعد الخصم لجميع المنتجات","37"
"926","الأسعار","37"
"927","كام","37"
"928","الاسعار","37"
"929","السعر لو سمحت","37"
"930","الصفوة لتنمية المهارات","38"
"931","غير متاحه","39"
"932","بكمً دي؟؟","39"
"933","بكام","39"
"934","بكام","39"
"935","ممكن اعرف سعرهم","39"
"936","لو سمحت .. الاداة المستخدمة في الفيديو ده الاقيها موجودة عندكم\nhttps://m.youtube.com/watch?v=q0bipvVZyVo","39"
"937","الصفوة لتنمية المهارات","42"
"938","يعني انتم إجازة من النهاردة ؟؟","43"
"939","المبتكر الصغير 200 جرام اشكال 18-W48","44"
"940","المبتكر الصغير 200 جرام اشكال 18-W48","44"
"941","مفيش ال 500 جرام؟","44"
"942","بكام","44"
"943","بكام","44"
"944","ماسك القلم W53-37","45"
"945","ماسك القلم W53-37","45"
"946","ممكن تواصل ع الخاص","45"
"947","ريحانه الجنه ابعتلنا","45"
"948","من فضلك انا محتاجاه اجيبه ازاي","45"
"949","كتوز السلمان مصوا","45"
"950","بكام مفهمتش م اللينك","47"
"951","اسعارهم كام لو يمحت","47"
"952","وعجلت لترضي 140 و خصم للجمله","47"
"953","معاهم السلم والثعبان والليدو بنفس السعر للسويس","47"
"954","الصفوة لتنمية المهارات لعبة السلم والثعبان بكام","47"
"955","المكان فين","47"
"956","معلش هو معاها الليدو و السلم و التعبان و لا لوحدهم","47"
"957","التوصيل الاسكندريه كام","47"
"958","هي الخامه ايه و موجوده في المحل ممكن نشوفها","47"
"959","خشب\nمصر الجديدة امتداد شارع الثوره بجوار مستشفي الكهرباء والمستشفى الوطني للعيون","47"
"960","شحن كفر الشيخ كام","47"
"961","بكام و فين العنوان بتاعكو","47"
"962","ايمن احمد\n\nللتواصل واتس اب …See More","47"
"963","بكام\nوالشحن لكفر الشيخ بكام\nو معاها لودو و السلم و التعبان صح ؟","47"
"964","فيه توصيل؟","47"
"965","بكام والمكان فين","47"
"966","ماري ماهر للتواصل واتس اب\n01001444798","47"
"967","ف شطرنج والتوصيل لمنيا القكح كام؟","47"
"968","خامتها ايه","47"
"969","هما كلهم مع بعض؟","47"
"970","بكام","47"
"971","توصيل دمياط كام لو سمحت","47"
"972","التفاصيل والسعر اي لو سمحت","47"
"973","التوصيل حدائق اكتوبر كام","47"
"974","بكام وخامتها ايه","47"
"975","هدير محمد للتواصل واتس اب\n01001444798","47"
"976","بكام شحن بورسعيد","47"
"977","بكام التوصيل للمحلة","47"
"978","عبدالرحمن وليد الشريف للتواصل واتس اب\n01001444798","47"
"979","التوصيل إزاى عايزه واحده","47"
"980","ال٣ العاب فى لعبة واحدة يعنى !؟؟\nوفى توصيل لينى سويف وبكام !؟؟","47"
"981","التوصيل ازاي وفين","47"
"982","بكام بتوصيل للمنيا","47"
"983","خارج عن القانون للتواصل واتس اب\n01001444798","47"
"984","السعر بكام و معاها حاجات لعبة الليدو و بكام التوصيل للاسكندرية","47"
"985","بكام مع التوصيل الي سوهاج جرجا","47"
"986","التوصيل في كام يوم للمحافظات","47"
"987","السعر والمكان لو سمحت","47"
"988","بكام الشحن لطنطا","47"
"989","السعر","47"
"990","بكام والتوصيل للملحه بكام","47"
"991","بكام وفي جمله","47"
"992","بكام وخشب ولا كرتون","47"
"993","روفان عبد الرحمن\n\nللتواصل واتس اب …See More","47"
"994","هو السعر 140ج ومعها الليدو والسلم والتعبان وهل فى مصاريف شحن للاسكندرية","47"
"995","التوصيل للدقهليه كام","47"
"996","مصاريف شحن أسوان","47"
"997","محمد بشرة خير للتواصل واتس اب\n01001444798","47"
"998","دمياط كام وتوصيل","47"
"999","توصيل اسكندريه كام وتوصل خلال قد اي","47"
"1000","غياب يا زمن كداب\n\nللتواصل واتس اب …See More","47"
"1001","مكتوب فى اللينك\n140","47"
"1002","هو السعر 140ج ومعها الليدو والسلم والتعبان وهل فى مصاريف شحن للاسكندرية","47"
"1003","التوصيل للمحافظات في كام يوم","47"
"1004","بكام","47"
"1005","بكام لو سمحت","47"
"1006","بكام","47"
"1007","ﻣﺤﻤﻮﺩﺍﻟﺒﺮﻧﺲ ﺍﻟﻨﻘﻴﺐ ١٤٠ج","47"
"1008","السعر كام لوسمحت","47"
"1009","بكام","47"
"1010","هو عيب ان الشركة المحترمه تكتب سعر المنتج ولا حرام يعني واحنا مش عارفيين","48"
"1011","بكام","48"
"1012","المكان فين","48"
"1013","كام السعر لو سمحت","48"
"1014","بكام مكان فين😐","48"
"1015","ملك محمد علي\nالماظه مصر الجديدة\nبجوار مستشفى الكهرباء و المستشفى الوطني للعيون …See More","48"
"1016","م","48"
"1017","الأسعار إللى مكتوبه قبل الخصم ولا بعد","48"
"1018","بكام وكام قطعه","48"
"1019","المكان والاسعار","48"
"1020","في لعبه اسمها Guess Who","48"
"1021","الصفوة لتنمية المهارات بكام السعر بعد اذنك","48"
"1022","أسماء رجائي","48"
"1023","كام السعر لو سمحت","48"
"1024","صباح الهنا والسرور\nأهلًا بحضرتك يا فندم\nكل الأسعار مكتوبه …See More","48"
"1025","اب","48"
"1026","المكان لو سمحت","48"
"1027","هل فيه توصيل يا فندم","48"
"1028","بكام بتعت حريت البحر","48"
"1029","من سن كام؟؟","48"
"1030","رضوى عاطف عبد العزيز ٦ سنوات","48"
"1031","فى السويس","48"
"1032","محمود محمد فيه شحن","48"
"1033","الاسعار","48"
"1034","محمود محمد\n\nsafwatoys.com/index.php?route=product/search&search=W71-…See More","48"
"1035","بكام","48"
"1036","بكام ليجو الاصدقاء وفي توصيل","48"
"1037","بكام","48"
"1038","لو سمحت ما فيش فرع فى الاسكندرية","48"
"1039","آخر مرة كنت عندكم من ٥ سنين تقريباً وما شاء الله أغلب الألعاب اللي جبتها من عندكم زي ما هي في جودتها وبإذن الله أعرف أجيلكم تاني قريب ⁦♥️⁩","48"
"1040","التفاصيل","48"
"1041","أبومازن حماده رمضان محمد\n\nsafwatoys.com/index.php?route=product/search&search=W71-…See More","48"
"1042","مفيش فرع ف أليكس؟","48"
"1043","عندكم ترامبولين","48"
"1044","بكام لو سمحت","48"
"1045","الأسعار جمله كام","48"
"1046","ابو سردينه صديق\n\nsafwatoys.com/index.php?route=product/search&search=W71-…See More","48"
"1047","بكام السعر","48"
"1048","ريتال ياسر\n\nsafwatoys.com/index.php?route=product/search&search=W71-…See More","48"
"1049","ممكن اعرف الاسعار فين ،مفيش اى لينك شغال","48"
"1050","بكام","48"
"1051","بكام لو سمحتي","48"
"1052","في ليجو عدد القطع ٢٠ قطعه مثلا حاجه صغيره لطفل ٤ او ٥ سنين","48"
"1053","التوصيل الإسماعيلية بكام من فضلك","48"
"1054","فى توصيل لسوهاج","48"
"1055","بكام","48"
"1056","بكام","48"
"1057","م","48"
"1058","ممكن اعرف الاسعار","48"
"1059","حلو جدا","48"
"1060","تم","48"
"1061","بكام","48"
"1062","بكم","48"
"1063","بكام السلم والثعبان والتوصيل أزاي","49"
"1064","في شحن لاسكندرية\nأو فرع ليكم\nلأن مفيش معرض الكتابالشهر ده واحنا بنستناكم كل سنة","49"
"1065","مفيش طاوله؟؟","49"
"1066","بكام لعبة السلم والتعبان","49"
"1067","٥٠ج","49"
"1068","بكان","49"
"1069","هل متاح بيت اطفال لعبه مكون من نوم . سفره . مطبخ ... الخ ؟ وإذا كان متاح بكام من فضلك؟","49"
"1070","نظامكم في طلب الاوردر وحش","49"
"1071","لو سمحت ايه الالعاب المناسبة لطفلة سن ٧ سنوات ممكن تتلعب بفرد او مجموعة اقصى حاجة ٤ افراد","49"
"1072","بكام منوبولى بالعربى","49"
"1073","المكان فين وله التعامل على النت فقط","49"
"1074","بنتاجو توصيل اسكندرية كام","49"
"1075","شركة الشحن بتاخد 50 جنيه على الاوردر","49"
"1076","فى توصيل للمنازل","49"
"1077","فيه أن شاء الله\nأهلا بحضرتك\nيمكنك زيارة الموقع الإلكتروني للشركة. Www.safwatoys.com …See More","49"
"1078","لعبه الثعبان بكام وحجمها ايه","49"
"1079","أهلا بحضرتك يمكنك زيارة الموقع الإلكتروني للشركة www.safwatoys.com\nللتواصل واتس آب 01001444798\nللاتصال على رقم الشركه 0226786399","49"
"1080","ايه العاب سن7 و 4","49"
"1081","بكام المجموعة ديه وفي توصيل لاسوان","49"
"1082","الصفوة لتنمية المهارات متشكرة جدا","49"
"1083","ممكن لو سمحتم لعب لسن فوق 7 سنين واسعارهم","49"
"1084","التوصيل كام لو سمحت اسكندرية","49"
"1085","كنت عاوزة لعبة مونوبلى توصيل ل سوهاج موجود","49"
"1086","هو ممكن الطلب جمله","49"
"1087","المحبه للقاء ربها\n\nأهلا بحضرتك …See More","49"
"1088","م","49"
"1089","كلمتكم ماسبمجر وواتس اب ومش بتردو خالص وبتشوفو الرسايل ومفيش رد عيب وآلله","49"
"1090","لو سمحت انا اشتريت من عندكم لعبة بيراميد ويسدوم\nومش عارفين نلعبها","49"
"1091","لَوٌ سِمًحًتي في شطرنج او ضمنة","49"
"1092","مريم الباير أهلا بحضرتك\nيمكنك زيارة الموقع الإلكتروني للشركة. Www.safwatoys.com\nاو التواصل مع المبيعات واتس آب 01001444798…See More","49"
"1093","أهلا بحضرتك يمكنك زيارة الموقع الإلكتروني للشركة www.safwatoys.com\nللتواصل واتس آب 01001444798\nللاتصال على رقم الشركه 0226786399","49"
"1094","مافيش حاجه تناسب سن ٣ سنوات","49"
"1095","بكام بنتاجو لو سمحت","49"
"1096","من فضلك فى بازل ١٥٠٠ قطعة","49"
"1097","الصفوة لتنمية المهارات شكرا","49"
"1098","ليكم فروع بأسيوط","49"
"1099","ممكن اعرف اسعار كل لعبة","49"
"1100","بكام","49"
"1101","1234567890كنزي","49"
"1102","بكام","49"
"1103","ف شحن محافظات","49"
"1104","العنوان فين","49"
"1105","ابواحمدياسر احمد\n\nأهلا بحضرتك …See More","49"
"1106","ممكن تفاصيل بالاسعار","49"
"1107","لو سمحت ف بازل قطع كتير للسن الكبير وسعره كام","50"
"1108","ممكن كتالوج","50"
"1109","في توصيل للشروق ؟","50"
"1110","كام سعر الشحن للبحيره","50"
"1111","م","50"
"1112","ابو حميد سلامة وعليكم السلام ورحمة الله وبركاته\nأهلا بحضرتك للتواصل واتس اب 01001444797","50"
"1113","الاقي عندكم تربيزات اطفال؟","50"
"1114","هل فاتحين يوم السبت؟","50"
"1115","الصفوة لتنمية المهارات شكرا جزيلا لردكم","50"
"1116","العنوان","50"
"1117","هتفتحوا بكرة ااسبت ؟","50"
"1118","ممكن الكتالوج","50"
"1119","ياسمين بدر\n\nللتواصل واتس اب …See More","50"
"1120","ممكن كتالوج","50"
"1121","الشحن لبورسعيد كام","50"
"1122","في شحن لبرة مصر الامارات،؟","50"
"1123","فاطمة سرور ان شاء الله","50"
"1124","الطلب الأوراد صعب جدا","51"
"1125","انتوا شغالين الجمعة","51"
"1126","هي دي الاشكال المتاحه يا فندم والا الصور للاعلان؟","51"
"1127","كم واحده٤٥","51"
"1128","بكام","52"
"1129","بكام","52"
"1130","صندوق البوسطه R18-1","53"
"1131","صندوق البوسطه R18-1","53"
"1132","بكام","53"
"1133","بكام","54"
"1134","بكام","54"
"1135","غدير الجنان وعليكم السلام ورحمة الله وبركاته\nأهلًا بحضرتك\nللتواصل واتس أب …See More","54"
"1136","ياريت كل لعبة تنزل بالرابط بتاعها بنعمل سيرش على الموقع مبنلاقيهاش","54"
"1137","مفيش دفع عند الاستلام للاوردر ؟؟؟؟","54"
"1138","سعرها كام ومنين","54"
"1139","بكام لو سمحتي","54"
"1140","بكام","54"
"1141","السعر","54"
"1142","ممكن صوره لشكل القلم بالماسك علشان الفكره توصل","55"
"1143","هيبقي متوفر فالمعرض؟؟","55"
"1144","عايزه الماسك ده أكلم مين","55"
"1145","بتاع ايه دى اصلا ؟","55"
"1146","العاب البازل","57"
"1147","العاب البازل","57"
"1148","هتكون موجودين ف معرض زايد","57"
"1149","منى مني احمد","57"
"1150","فى فرع فى الكويت","57"
"1151","أشغال يدوية و فنون","59"
"1152","أشغال يدوية و فنون","59"
"1153","محتاجة صندوق الرسم\nانا من الباجور محافظة المنوفية","59"
"1154","الخصم لحد امتا ؟","60"
"1155","ادخلى على اللينك كده\nMoon Mansy","60"
"1156","العاب جماعيه","61"
"1157","العاب جماعيه","61"
"1158","المطابقة و التصنيف","62"
"1159","المطابقة و التصنيف","62"
"1160","التركيب و البناء","63"
"1161","التركيب و البناء","63"
"1162","السعر لو سمحت","65"
"1163","ممكن الاسعار","66"
"1164","ممكن اعرف سعر كل مجموعه و هل في مجموعات أخرى ؟","66"
"1165","ممكن الكتالوج بى دى اف","68"
"1166","العاب البيبي","70"
"1167","العاب البيبي","70"
"1168","آية شطا اهى الصفحة","70"
"1169","ممكن الكتالوج","71"
"1170","ممكن كتالوج الاسعار","71"
"1171","محمود حجاج للتواصل مع المبيعات وطلب الكتالوج واتس آب 01001444798","71"
"1172","فى عندكم كتب الكلمات التقاطعة","71"
"1173","منى مني احمد","71"
"1174","م","71"
"1175","مجسمات مزرعه W42-24","72"
"1176","مجسمات مزرعه W42-24","72"
"1177","ماسك القلم W53-37","73"
"1178","ماسك القلم W53-37","73"
"1179","هل متاح التوصيل لجدة وهل لديكم البرج الوردى وادوات الحساب","74"
"1180","المكان فين لو سمحت","75"
"1181","ممكن تكتبوا الأسعار","75"
"1182","مش عارفة اوصل للكتب القماش علي الموقع","75"
"1183","عاوزة رقم للواتس لمعرفة العروض","75"
"1184","ممكن كتالوج","75"
"1185","ممكن كتالوج الاسعار","75"
"1186","ممكن كتالوج اسعار","75"
"1187","هو المعرض آخر يوم امته","76"
"1188","هو لسه شغال","76"
"1189","رائع فعلا حلو اوي بجد\nو فعلا الخصومات حلوة اوي","77"
"1190","موجودين لى امته و المعرض مكانه فين","77"
"1191","عندكم فيزا؟؟","77"
"1192","لو سمحت كتب الطاقة الكامنة موجودة وبكم","77"
"1193","متوفر توصيل العاشر من رمضان؟؟","77"
"1194","جميل","77"
"1195","ممكن اعرف مكان المعرض وين ؟","77"
"1196","نشوى الحلو بصي","77"
"1197","انا نسيت كتاب وأنا بحاسب","77"
"1198","ممكن اعرف الحاجات دي متوفرة بعد انتهاء المعرض وفين العنوان بتاعكم من فضلك","77"
"1199","م","77"
"1200","الصفوة لتنمية المهارات","78"
"1201","الاسعار من كام","78"
"1202","ينفع كدا تصورونا من غير ماتقولوا 🙊🙊بس عموما الصفوة دايما متألقين وفريق العمل كان هايل ومتعاون جدا","78"
"1203","يارب يكون الخصم كويس\nنلتقي الجمعة القادمة ان شاء الله","79"
"1204","ما شاء الله الحاجات جميله انا اشتريت منها امبارح واسعار فعلا ممتازة\nجزاكم الله خيرا","79"
"1205","نورا حسني شرفتينا يافندم","79"
"1206","طيب المحل شغال عادى ؟؟ اللى جنب مستشفى الوطنى للعيون و يا ريت مواعيده","79"
"1207","هو المعرض بيفتح الساعة كام ال صبح","79"
"1208","السلام عليكم إلى متى متواصل المعرض","79"
"1209","على حسن الفقيه إلى ٤ فبراير","79"
"1210","هو المعرض شغال الجمعة","79"
"1211","مواعيده امتى الايام؟","79"
"1212","ف كتب قماش","79"
"1213","كام الخصم!!","79"
"1214","هتيجوا طنطا امتي؟","79"
"1215","الخصم قد ايه يعنى ؟؟ المحل أثناء فترة المعرض شغال فيه الخصم و لا لا","79"
"1216","انا جبت لعبه كونكت فور من عندكم ومش عارفه اركبها هصورها وياريت حد يتواصل معايا من الادمن الصفوة لتنمية المهارات","79"
"1217","الحاجات الجديدة هتنزل امتي؟","79"
"1218","م","79"
"1219","الصفوة لتنمية المهارات","80"
"1220","الصفوة لتنمية المهارات","81"
"1221","عنوان لو سمحت","82"
"1222","عندي شغل بازل الحروف والارقام","82"
"1223","اﻻسعار لو سمحت","82"
"1224","لو عاوزه اطلب اوردر لو سمحت اتواصل مع مين","82"
"1225","العنوان لو سمحت","82"
"1226","لوسمحت مكانكم فين ف المعرض بأذن الله!؟","82"
"1227","موجودين بمعرض الكتاب وفين مكانكم","82"
"1228","هتبقوا موجودين من يوم الخميس؟؟","83"
"1229","ممكن الأسعار","83"
"1230","موجودين فى معرض الكتاب؟","83"
"1231","متوفره؟؟","83"
"1232","فتحية ناصر أن شاء الله هتنزل الاسبوع القادم على الموقع الإلكتروني\nWww.safwatoys.com","83"
"1233","وااااو فينجر 😍 Ahmed Ibrahim الصفوة في المعرض السنادي","83"
"1234","بكام الفينجر","83"
"1235","ممكن اسعار الصوابع","83"
"1236","انا عايزة دول اطلب ازاااااي","83"
"1237","الصفوة لتنمية المهارات","84"
"1238","إن شاء الله نلتقي يوم الجمعة 31 يناير","84"
"1239","ممكن قايمه المنتجات المشاركه بالمعرض باسعارها وشكرا","84"
"1240","عداد الأرقام بكام","84"
"1241","م","84"
"1242","ممكن قائمة الألعاب واسعارها\nهل هيكون متاح الدفع عن طريق الفيزا ولا لازم كاش؟","84"
"1243","عوزين نروح طيبAmira Moaz","84"
"1244","ممكن فكرة عن العروض والخصومات","84"
"1245","لو سمحت ايه هي العروض والخصومات؟","84"
"1246","ممكن اعرف عنوان المعرض","84"
"1247","الصفوة لتنمية المهارات امتداد الثورة فيها عروض","84"
"1248","بص دا آخر طلب وأهم واحد بالله عليك Abd Elazeem Salah 😂حتي الكتب اللي عايزاها عندهم","84"
"1249","قاعه الطفل اهو Sara Mosad","84"
"1250","ممكن العنوان بالظبط","84"
"1251","في ليكم مكان غير معرض الكتاب او ينفع نعمل اوردرات اونلاين ؟","84"
"1252","لوسمحت في لوحه الكترونيه زي سبورة فيها صوت حيوانات ؟ وسعرها كام لوسمحت","84"
"1253","آيه أيمن موجود أن شاء الله\nتشرفونا يافندم معرض الكتاب بأرض المعارض محور المشير\nجناح الصفوة لتنمية المهارات D-50 قاعة الطفل رقم 3 للتواصل 01001444798…See More","84"
"1254","فيه ألعاب مهاريه لعمر ٦ شهور ؟؟؟","84"
"1255","يااارب يكرمني بشي طلعة عمصر\nحلمي زوركم واجي اخد من عنكم 😩😩😩😩😩😩😩😩😩نسيبة الأيوبي خديييني","84"
"1256","ربى طالب امييييييييييين","84"
"1257","المعرض لغاية يوم ايه؟","84"
"1258","في جملة؟","84"
"1259","إن شاء الله المعرض هيبدا امتي","84"
"1260","فين المكان؟؟؟","84"
"1261","الصفوة لتنمية المهارات العروض موجوده في الشركه ؟؟؟","84"
"1262","هتيجو امتي اسكندريه","84"
"1263","حسناء حرحش أن شاء الله في مارس","84"
"1264","هو المكان المخصص للأطفال صالة كام","84"
"1265","امتى الافتتاح ؟","84"
"1266","هو المعرض هيقام فين","84"
"1267","م","84"
"1268","متنسوش ليجو تناسب عمر ٤_ ٥ سنوات 😊","84"
"1269","هل ي العاب تناسب سن سنه","84"
"1270","الصفوة لتنمية المهارات زي ايه لو سمحت","84"
"1271","عايزين نروح ده Haitham El Zeny","84"
"1272","عايزه اروح عشان اجيب الالعاب لرحيم Mohamed Mostafa","84"
"1273","شيماء إسماعيل تشرفونا","84"
"1274","م","84"
"1275","فين المكان","84"
"1276","م","84"
"1277","بجد اكتر من روعۃ واسعار هايلۃ ارخص من اي مكان في المعرض كله بالتوفيق والناس اكتر من ذوق وبيساعدوك تختار","84"
"1278","المعرض فى ارض المعارض مدينة نصر ولا بالتجمع ؟؟؟","84"
"1279","ممكن المكان بالضبط...أرض المعا ض فى مدينة نصر ولا فعلآ تم نقله للتجمع الخامس","84"
"1280","جبت من عندكوا اكسليفون السنة اللي فاتت و لحد دلوقتي بحالته زي ما هو رغم انه اتمرمط مرمطة ما يعلم بيها الا ربنا 😍\nشكراً ع الجودة و السعر بجد❤️","84"
"1281","بجد عروضكم تحفة وانا امبارح كنت عندكم واشتريت حاجات بجد تحفة من عندكم وسعرعا كويس غير تخفيضاتكم. ممكن اعرف مكانكم فين. بعد مايخلص المعرض","84"
"1282","حلوين قوي","85"
"1283","تحفه","85"
"1284","انتو ف صالة كام فالمعرض ان شاء الله","85"
"1285","ياريت اسعار المجموعة و كل وحدة على حدة كام","85"
"1286","الاسعار كل حاجه ايه من فضلك","85"
"1287","الاسعار","85"
"1288","ام عبد الرحمن\nللتواصل مع المبيعات واتس آب 01001444798\nلمشاهدة المنتجات وتحميل الكتالوج بالأسعار الموقع الإلكتروني www.safwatoys.com","85"
"1289","واااو انا عايزاهم كلهم ... كلهم حاجه واحده ولا كل حاجه لوحدها واسعارهم ايه د وليد","85"
"1290","ممكن العنوان و الاسعار","85"
"1291","هي سعر المخترع الصغير كام لو سمحتم","85"
"1292","بكام المنظار","85"
"1293","في ميكروسكوب","85"
"1294","ميكانو جرار بلاستيك W12-10","86"
"1295","ميكانو جرار بلاستيك W12-10","86"
"1296","اذا سمحتم عايزه اشترى لعب من عندكم وتوصلى للبيت ولكن الدفع كاش ليس عن طريق الفيزا هل متاح؟؟","86"
"1297","ضحى الأسلام متاح يافندم تواصلي مع المبيعات علي الواتس اب ٠١٠٠١٤٤٤٧٩٨","86"
"1298","بكام","86"
"1299","كتاب بازل خشب W6-4","87"
"1300","كتاب بازل خشب W6-4","87"
"1301","سعر 42 جنيه هو سعر القطعة","87"
"1302","متوفر عندكم اون لاين ولا لا","87"
"1303","حقيبة فوم W50-51","88"
"1304","حقيبة فوم W50-51","88"
"1305","صيد سمك بلاستيك W5-9","89"
"1306","صيد سمك بلاستيك W5-9","89"
"1307","بكام","89"
"1308","عامله كام بعد الخصم","89"
"1309","بكان","89"
"1310","بكم","89"
"1311","ليجو W71-9","90"
"1312","ليجو W71-9","90"
"1313","بكام؟","90"
"1314","علبة ماجك W74-1","91"
"1315","علبة ماجك W74-1","91"
"1316","المبتكر الصغير 500 جرام بيت W48-9","92"
"1317","المبتكر الصغير 500 جرام بيت W48-9","92"
"1318","بكام","92"
"1319","هيلكوبتر كبير W28-5","93"
"1320","هيلكوبتر كبير W28-5","93"
"1321","كروت خورشيد من لاينتمي R14-8","94"
"1322","كروت خورشيد من لاينتمي R14-8","94"
"1323","المجموعات كاملة بكم سعرها وهل يوجد خصومات والخامة وممكن العنوان","94"
"1324","المجموعه كاملة بكام لو سمحت","94"
"1325","مساطر التهيئة للكتابه R23-1","96"
"1326","مساطر التهيئة للكتابه R23-1","96"
"1327","بكام مساطر التهيئة وهل متوفرة فى المعرض","96"
"1328","كتاب بازل W6-5","97"
"1329","كتاب بازل W6-5","97"
"1330","ليجو W71-10","99"
"1331","ليجو W71-10","99"
"1332","ممكن التفاصيل لشكل الليجو لان الصورة فيها اشكال كتير مش واضحة","99"
"1333","في ليجو ١٠٠٠ قطعه","99"
"1334","المبتكر الصغير 500 جرام مسامير W48-8","100"
"1335","المبتكر الصغير 500 جرام مسامير W48-8","100"
"1336","فيزبا W28-11","101"
"1337","فيزبا W28-11","101"
"1338","كروت خورشيد ما الاختلاف R14-7","102"
"1339","كروت خورشيد ما الاختلاف R14-7","102"
"1340","الصفوة لتنمية المهارات","103"
"1341","ان شاء الله حتكونوا موجودين في معرض اسكندرية؟","103"
"1342","إيمان سعيدعوني أن شاء الله","103"
"1343","ممكن اشوف الفايل اللي فيه المنتجات المتاحه حاليا","103"
"1344","أي قاعة من فضلك","103"
"1345","امتى فى الاسكندرية","103"
"1346","من فضلك مكانكم فين بعد المعرض","103"
"1347","مش موجودين في معرض الكتاب زايد؟","103"
"1348","كتب تنمية المهارات العقليه عربي W63-2","104"
"1349","كتب تنمية المهارات العقليه عربي W63-2","104"
"1350","ثقتى بربى Eman SaLeh\nتشرفنا في الشركه في 42 عمارات العاملين بمصر للطيران امتداد شارع الثورة مصر الجديدة -الماظه بجوار المستشفى الوطني للعيون\nيوميا من 10 إلى 5 ماعدا الجمعه …See More","104"
"1351","بكام السن من 3 ل 4","104"
"1352","بكام لوسمحت وكنت عايزه العنوان","104"
"1353","السعر لو سمحت","104"
"1354","بازل 1000 قطعه كرتون W24-1","105"
"1355","بازل 1000 قطعه كرتون W24-1","105"
"1356","بكام","105"
"1357","ديناصور W28-17","106"
"1358","ديناصور W28-17","106"
"1359","طباعة سمايل W50-12","107"
"1360","طباعة سمايل W50-12","107"
"1361","كروت خورشيد ما الخطأ R14-6","108"
"1362","كروت خورشيد ما الخطأ R14-6","108"
"1363","مقياس الطول فوم W50-35","109"
"1364","مقياس الطول فوم W50-35","109"
"1365","السعر وإمكانية الشراء؟؟","110"
"1366","صيد سمك بلاستيك W5-7","111"
"1367","صيد سمك بلاستيك W5-7","111"
"1368","ليجو W71-15","112"
"1369","ليجو W71-15","112"
"1370","في ليجو ١٠٠٠ قطعه الكلاسيك","112"
"1371","موجود اكثر من نوع اختاري من الموقع","112"
"1372","صندوق الحروف الانجليزيه R8-14","114"
"1373","صندوق الحروف الانجليزيه R8-14","114"
"1374","المبتكر الصغير 500 جرام عصيان W48-5","115"
"1375","المبتكر الصغير 500 جرام عصيان W48-5","115"
"1376","متوفره من فضلك ؟؟؟","115"
"1377","ليجو W71-11","117"
"1378","ليجو W71-11","117"
"1379","مقاطع الحروف العربيه R8-15","118"
"1380","مقاطع الحروف العربيه R8-15","118"
"1381","السعر","118"
"1382","بازل 500 قطعه كرتون W24-2","119"
"1383","بازل 500 قطعه كرتون W24-2","119"
"1384","تمساح W28-21","120"
"1385","تمساح W28-21","120"
"1386","مريلة W50-32","121"
"1387","مريلة W50-32","121"
"1388","او سمحت هي دي اسعار الجملة ولا القطاعي","121"
"1389","لوحة تقطيع فاكهه او خضار W19-7","122"
"1390","لوحة تقطيع فاكهه او خضار W19-7","122"
"1391","طباعة 2 قطعه W50-13","123"
"1392","طباعة 2 قطعه W50-13","123"
"1393","جنجا بازل خشب W20-17","124"
"1394","جنجا بازل خشب W20-17","124"
"1395","الوان وجه W50-50","125"
"1396","الوان وجه W50-50","125"
"1397","كروت خورشيد الافعال المسلسه R14-2","126"
"1398","كروت خورشيد الافعال المسلسه R14-2","126"
"1399","سجادة بيبي W25-48","127"
"1400","سجادة بيبي W25-48","127"
"1401","ميكانو طائرة W12-12","128"
"1402","ميكانو طائرة W12-12","128"
"1403","اسورة سوفت W25-42","129"
"1404","اسورة سوفت W25-42","129"
"1405","45 بعد الخصم","129"
"1406","مقاطع الحروف العربية R8-13","130"
"1407","مقاطع الحروف العربية R8-13","130"
"1408","السعر","130"
"1409","بازل 300 قطعه W24-3","131"
"1410","بازل 300 قطعه W24-3","131"
"1411","ممكن صورة عالطبيعة وبكام لوسمحتي","131"
"1412","المبتكر الصغير 500 جرام مواسير W48-4","132"
"1413","المبتكر الصغير 500 جرام مواسير W48-4","132"
"1414","صيد سمك مغناطيس وسط W5-4","133"
"1415","صيد سمك مغناطيس وسط W5-4","133"
"1416","كروت خورشيد الافعال R14-1","134"
"1417","كروت خورشيد الافعال R14-1","134"
"1418","متواجدة فين في الاسكندريه","134"
"1419","طباعة 3 قطع W50-10","135"
"1420","طباعة 3 قطع W50-10","135"
"1421","رولا اسفنجية 4 قطع W50-11","136"
"1422","رولا اسفنجية 4 قطع W50-11","136"
"1423","بازل حروف عربي كبير R1-1","137"
"1424","بازل حروف عربي كبير R1-1","137"
"1425","العاب سحرية وخدع بصرية امنة علي الاطفال خامة بلاستيك عالي الجودة تجعل الطفل ينبهر بالنتيجة وتنمي الذ..","138"
"1426","العاب سحرية وخدع بصرية امنة علي الاطفال خامة بلاستيك عالي الجودة تجعل الطفل ينبهر بالنتيجة وتنمي الذ..","138"
"1427","في توصيل اونلاين؟","138"
"1428","السعر","138"
"1429","بكام","139"
"1430","محمود حجاج الأسعار داخل الرابط في البوست","139"
"1431","العاب الميكانو* محبب جدا للاطفال ويساعد في تعليم طفلك مبادئ الفك والتركيب حيث يستطيع تشكيل عده اشكال..","141"
"1432","العاب الميكانو* محبب جدا للاطفال ويساعد في تعليم طفلك مبادئ الفك والتركيب حيث يستطيع تشكيل عده اشكال..","141"
"1433","كم السعر","141"
"1434","الاسعار مكتوبه بعد الخصم","141"
"1435","بكام والشيتات بتاعتها لوحدها بكام","144"
"1436","الاسعار مكتوبه بعد الخصم","144"
"1437","مناسبة من سن كام ؟","145"
"1438","لعبة تفكيك الرموز تشتمل اللعبة على ( وحدة كسر الشفرة، 15 قطعة باللون الاحمر، 15 قطعة باللون الأ..","147"
"1439","لعبة تفكيك الرموز تشتمل اللعبة على ( وحدة كسر الشفرة، 15 قطعة باللون الاحمر، 15 قطعة باللون الأ..","147"
"1440","بكام معارفى","148"
"1441","محمود حجاج تشرفنا في الشركه في 42 عمارات العاملين بمصر للطيران امتداد شارع الثورة مصر الجديدة -الماظه بجوار المستشفى الوطني للعيون\nيوميا من 10 إلى 5 ماعدا الجمعه\nللتواصل مع المبيعات واتس آب 01001444798 …See More","148"
"1442","بكام","151"
"1443","5 جنيه بدل 7 جنيه","151"
"1444","بكام","151"
"1445","5 جنيه بدل 7 جنيه","151"
"1446","هما دول الا عوزاهم Taha Abd Elmohsen","151"
"1447","هتشاركوا فى معرض الكتاب فى القاهرة السنادى ولا لا؟","152"
"1448","ان شاء الله","152"
"1449","اب","152"
"1450","بكام","153"
"1451","كونكت فور  لعبة جماعية للكبار والصغار  يمكن لعبها باستخدام اللوح والأقراص تتكون ..","154"
"1452","كونكت فور  لعبة جماعية للكبار والصغار  يمكن لعبها باستخدام اللوح والأقراص تتكون ..","154"
"1453","العاب الميكانو* محبب جدا للاطفال ويساعد في تعليم طفلك مبادئ الفك والتركيب حيث يستطيع تشكيل عده اشكال..","155"
"1454","العاب الميكانو* محبب جدا للاطفال ويساعد في تعليم طفلك مبادئ الفك والتركيب حيث يستطيع تشكيل عده اشكال..","155"
"1455","مقاطع الحروف العربية R8-13","156"
"1456","مقاطع الحروف العربية R8-13","156"
"1457","بكم؟","156"
"1458","بكاَم","156"
"1459","من افضل الالعاب التي تنمي مهارة الفك والتركيب والتنسيق بين اليد والعين من خلال التنسيق بين اجزا..","158"
"1460","من افضل الالعاب التي تنمي مهارة الفك والتركيب والتنسيق بين اليد والعين من خلال التنسيق بين اجزا..","158"
"1461","لعبة تقطيع الفاكه أو الخضروات * لتشجيع الطفل على تقطيع الخضروات والفاكهه ثم جمعها معا مرة أخرى*..","160"
"1462","لعبة تقطيع الفاكه أو الخضروات * لتشجيع الطفل على تقطيع الخضروات والفاكهه ثم جمعها معا مرة أخرى*..","160"
"1463","لعبة بناء الكلمات R10-3","163"
"1464","لعبة بناء الكلمات R10-3","163"
"1465","مساطر التهيئة للكتابه R23-1","164"
"1466","مساطر التهيئة للكتابه R23-1","164"
"1467","بكام وفي خدمة توصيل","164"
"1468","السعر مكتوب اضغط الرابط","164"
"1469","هما كام مسطرة ؟\nو البيع بالدستة ولا القطعه","164"
"1470","يوجد بيع بالقطعه و الدسته","164"
"1471","ماسك القلم W53-37","165"
"1472","ماسك القلم W53-37","165"
"1473","نحصل عليه ازاي","165"
"1474","في توصيل للاسكندريه","165"
"1475","شكل المنتج على كارت ولا كرتونة","165"
"1476","محمود حجاج لا بالقطعه","165"
"1477","ممكن كتالوج","165"
"1478","مامت وهم موجود الكتالوج على الموقع الإلكتروني\nممكن تحمله www.safwatoys.com","165"
"1479","الصفوة لتنمية المهارات","166"
"1480","الله ينور بس فين الناس","166"
"1481","هتكونو متواجدين فى معرض ابو ظبى؟","166"
"1482","الصفوة لتنمية المهارات","167"
"1483","يوجد فرع ب لبنان؟؟","167"
"1484","هتبقوا متواجدين في معرض الكتاب في الرياض ؟","167"
"1485","فيه توصيل للرياض","167"
"1486","في توصيل للخرج","167"
"1487","ايمان احمد لا للاسف","167"
"1488","بتمنى امتداد المعرض حتى اجازه منتصف العام لو مش هتروحو الرياض","167"
"1489","نفسي ألاقي بازل من ١٠٠ قطعة و١٠٠٠ قطعة\nمتوفر عندكم ؟","167"
"1490","الصفوة لتنمية المهارات","167"
"1491","شركة محترمة ومنتجات ذات جودة عالية الله يوفقكم","167"
"1492","هدى الشاهد شكرا جزيلا يا فندم","167"
"1493","مفيش كتالوج للاسعار الخاصة بالمعرض؟","167"
"1494","م","167"
"1495","عايزه كتالوج أسعار الخاصه بالمعرض","167"
"1496","طيب هو معرض الكتاب عادةً ينتقل بعد جدة الى المدينة والرياض ، فهل حتكونو موجودين في معرض الكتاب اللي في المدينة ؟","167"
"1497","الصفوة لتنمية المهارات خسارة","167"
"1498","هل ستكونون موجودين في معرض الرياض","167"
"1499","الصفوة لتنمية المهارات أتمنى أن يكون لكم نصيب في الحضور","167"
"1500","في كتب والعاب قماش للرضع ??","167"
"1501","الصفوة لتنمية المهارات شكرا","167"
"1502","في مجموعة التخاطب وبكام لو\nسمحت","167"
"1503","اتمنى رؤيتكم في معرض الرياض..❤❤","167"
"1504","الصفوة لتنمية المهارات بالتوفيق يا رب... 🌹🌹","167"
"1505","مش جايين الخبر؟","167"
"1506","المكان فين","167"
"1507","المكان فين","167"
"1508","دعاء الكحلاوى جده\nبابحر الجنوبية ارض الفعاليات والأنشطة","167"
"1509","هو فى فرع للشركه فى مصر ؟؟","167"
"1510","تمام شكرا خالص","167"
"1511","فيه الكم فرع ب دبي-عجمان؟","167"
"1512","م","167"
"1513","هتكونو موجودين ف معرض الرياض؟","167"
"1514","الصفوة لتنمية المهارات\nشكرا جدا","167"
"1515","مفيش في الخبر معارض؟؟؟","167"
"1516","انا مسلمة حجابى فرحتى تشرفونا","167"
"1517","ماقلتوش\nبازل ال ١٠٠ قطعة بكام\nوال ١٠٠٠ قطعة","167"
"1518","نفس أسعار مصر","168"
"1519","بس متتاخريش\nانا المنتجات أصناف كثير لكن كميات مش كبيره","168"
"1520","مطلوب مندوب فرع لبنان اذا ممكن","168"
"1521","ياريت تنزلوا قائمه المنتجات والأسعار زي السنه اللي فاتت","168"
"1522","أم عمير للتواصل مع المبيعات وطلب كتالوج بالأسعار على الوتس آب 01001444798\nأو يمكنك زيارة الموقع الإلكتروني www.safwatoys.com","168"
"1523","الصفوة لتنمية المهارات","169"
"1524","التوصيل كام المعادى","170"
"1525","احمد لاشين للتواصل مع المبيعات واتس آب 01001444798","170"
"1526","هل يوجد توصيل","170"
"1527","السعر لو سمحت","170"
"1528","المدينة المرورية موجودة ؟؟","170"
"1529","الصفوة لتنمية المهارات كم السعر","170"
"1530","الخامۃ ايه","170"
"1531","موجود حروف الجر فى مجموعه خورشيد","170"
"1532","عندكم لعبة جوانيمو","170"
"1533","الصفوة لتنمية المهارات\nبكام","170"
"1534","ا. زينب اسامه الشافعي Dina Abdelhameed للتواصل مع المبيعات واتس آب 01001444798","171"
"1535","بكام","171"
"1536","بكام الدبابيس","171"
"1537","الصفوة لتنمية المهارات","172"
"1538","محمود حجاج Hanaa Raouf\nللتواصل مع المبيعات وطلب كتالوج بالأسعار على الوتس آب 01001444798\nأو يمكنك زيارة الموقع الإلكتروني www.safwatoys.com…See More","172"
"1539","عوزة اشتري اون لاين عندكو","172"
"1540","فين المكان","172"
"1541","في خصم علي ادوات منتسوري؟","173"
"1542","فى توصيل البحيره","173"
"1543","سمية محمد فيه","173"
"1544","فين ألعاب الطاقه الشمسيه","173"
"1545","السبورة ولعبة الخرزبكام","173"
"1546","ا. زينب اسامه الشافعي للتواصل مع المبيعات واتس اب","173"
"1547","المجموعات الضمنيه كام","174"
"1548","لو سمحتو كروت المجموعه الضمنيه بكام وفي فرع في الزقازيق","174"
"1549","عبدالعزيز عز مفيش فرع بالزقازيق\nاتواصل مع المبيعات واتس اب","174"
"1550","تم","174"
"1551","بكام","174"
"1552","الكروت الصامتة و الناطقة موجودة ؟","174"
"1553","ممكن الأسعار..","175"
"1554","ببكام دى","175"
"1555","بكام والتوصيل ازاي بعد ازنك","175"
"1556","الحاجه جميله جدا و السعر مناسب جدا لكن طريقة أخذ الاورد و التوصيل معقده جدا جدا","175"
"1557","كل منتجات عليها خصم ولا مجموعه محدده ؟؟","175"
"1558","هتنزلوا معرض الكتاب السنادي ولا لا بردوا ؟","175"
"1559","الصفوة لتنمية المهارات يامسهل يارب","175"
"1560","طب الاسعار اللي مكتوبه بعد ولا قبل الخصم","175"
"1561","هتكونوا ف المعرض السنه دي","175"
"1562","لو سمحت فيه توصيل؟","175"
"1563","تم التواصل مع المبيعات من فترة وتم ابلاغنا بعدم وجود شراء اون لاين ولا يوجد توصيل فهل مازاك ذلك الوضع قائم","175"
"1564","عنوانكم ايه لو سمحت","175"
"1565","النكان","175"
"1566","مكانكم فين يا فندم","175"
"1567","ممكن اعرف رقم الواتس اب لأني محتاجه اتواصل معاكم علشان اوردر","175"
"1568","لو سمحت إزاي أتواصل معاكم و في توصيل للبحيره","175"
"1569","ايه الألعاب المناسبة لسن ٦ شهور واكبر","175"
"1570","الصفوة لتنمية المهارات","176"
"1571","ولاء فؤاد شاهين Koky Mohamed Hasby Raby NI Youssef Esraa Menissi Love Ferry Somaya Ameen سارة درغام\nخصم 30 % في حالة شراء قطعه واحده من الصنف\nخصم 40 % في حاله شراء 6 قطع من الصنف…See More","177"
"1572","لو سمحت مصاريف الشحن الفيوم بكام","177"
"1573","ممكن الاسعار","177"
"1574","المكان فين والاسعار","177"
"1575","ممكن العاب مناسبه لسن سنتين","177"
"1576","هتنزلوا ف معرض الكتاب؟","177"
"1577","طب مش هتفتحوا فرع المقطم. تاني؟","177"
"1578","الاسعار؟","177"
"1579","هو انتوا مكانكوا فين؟","177"
"1580","م","177"
"1581","شحن امبابه بكام","177"
"1582","لوحة تقطيع فاكهه او خضار W19-7","178"
"1583","لوحة تقطيع فاكهه او خضار W19-7","178"
"1584","خشي علي لينك الصفحه وانتي تعرفي","178"
"1585","بكام","178"
"1586","ترتيب اشكال هندسية 5 قطع W3-1","179"
"1587","ترتيب اشكال هندسية 5 قطع W3-1","179"
"1588","لو سمحت في مكعبات بلاستيك ؟ ممكن الكود بتاعها","179"
"1589","ألعاب منتسوري وتنمية مهارات w48","179"
"1590","فيه خصومات نهايه العام","180"
"1591","معلمة تأسيس غادة مسعد\nلؤه فتحي\nJudy Ahmed…See More","181"
"1592","لؤه فتحي على حسب المكان في حدود 50 جنيه","181"
"1593","تم","181"
"1594","ممكن الاسعار ؟","181"
"1595","م","181"
"1596","الاسعار","181"
"1597","بازل ملابس ولد وبنت مستورد W13-2","182"
"1598","بازل ملابس ولد وبنت مستورد W13-2","182"
"1599","صندوق المطابقه كبير بلاستك W33-2","184"
"1600","صندوق المطابقه كبير بلاستك W33-2","184"
"1601","ليجو W71-9","185"
"1602","ليجو W71-9","185"
"1603","متاهه وعامود حلقات او صيد سمك W27-24","186"
"1604","متاهه وعامود حلقات او صيد سمك W27-24","186"
"1605","في كروت صامته و ناطقه","186"
"1606","متوفر واتاكدي من المبيعات على الوتس اب","186"
"1607","بوفارديا","186"
"1608","لوجيكو الطائر المبكر W76-3","187"
"1609","لوجيكو الطائر المبكر W76-3","187"
"1610","حقيبة مونتسوري 14 قطعه W1-5","188"
"1611","حقيبة مونتسوري 14 قطعه W1-5","188"
"1612","ميكانو طائرة بلاستيك W12-11","189"
"1613","ميكانو طائرة بلاستيك W12-11","189"
"1614","هل متوفر البيع قطاعي والعنوان فضلا","189"
"1615","ميزان كفتين ابيض W11-2","190"
"1616","ميزان كفتين ابيض W11-2","190"
"1617","بازل مراحل نمو W8-3","191"
"1618","بازل مراحل نمو W8-3","191"
"1619","مصنوه من ايه لو سمحت\nخشب ولا ورق مقوى؟","191"
"1620","رحاب رجب خشب\nخصم 30 % على أي قطعه\nخصم 40 % على النص دسته …See More","191"
"1621","باكيت ساعه رملية 6 قطع W7-7","192"
"1622","باكيت ساعه رملية 6 قطع W7-7","192"
"1623","بكام لو سمحت","192"
"1624","بكام","192"
"1625","في منها الخشب؟","192"
"1626","ممكن سعر الخششب بكام","192"
"1627","بازل مكعبات 9 قطع W9-3","193"
"1628","بازل مكعبات 9 قطع W9-3","193"
"1629","علبة ماجك W74-1","194"
"1630","علبة ماجك W74-1","194"
"1631","كروت ضمنيه الصفوة فاكهه R11-1","195"
"1632","كروت ضمنيه الصفوة فاكهه R11-1","195"
"1633","لام يتم الرد عليا انا مريوطيه هرم وعاوزه الكروت ولعبة الصيد والشاكوش هل هناك فرع قريب مني ام هناك خدمة التوصيل ارجو الافاده","195"
"1634","كروت خورشيد الطعام R14-12","196"
"1635","كروت خورشيد الطعام R14-12","196"
"1636","بكام","196"
"1637","متوفر كل كروت خورشيد","196"
"1638","صندوق البوسطه مستورد W14-1","197"
"1639","صندوق البوسطه مستورد W14-1","197"
"1640","ميزان ارقام شكل دبدوب W11-3","198"
"1641","ميزان ارقام شكل دبدوب W11-3","198"
"1642","بكام","198"
"1643","شاكوش وكور 4 دور W2-10","199"
"1644","شاكوش وكور 4 دور W2-10","199"
"1645","بكام دي لو سمحت","199"
"1646","سيارة الطرق W2-9","200"
"1647","سيارة الطرق W2-9","200"
