comment_id,comment,post_id
1,ممكن تفاصيل؟,2
2,خاص,2
3,ممكن رقم للتواصل,2
4,او التواصل خاص .,2
5,ممكن رقم التواصل,2
6,الشيمي الدولي 01123355226,2
7,كلمني,2
8,ممكن تواصل خاص,2
9,أنا واخد سيارة من معرض علاء الدين ونخلص الأقساط وحاسب علي فوائد عشرون ألف لأن في وسط الأقساط تم عمل حادث السيارة وانكسار حوالي ستة اقساط وسدتهم كلهم من التأمين بعد إصلاح السيارة ومنهم لله جابوا علي فوائد بعد ما سددت الاقساط,2
10,هل بدون تحويل راتب ولا يشترط التحويل,2
11,سيد على بدون,2
12,ممكن تفاصيل,2
13,اشرف الفقي لو عندك قرض بنسدده يافندم,2
14,تفاصيل,2
15,عبدالعزيز غانم عبدالعزيز حجازى 01123355226,2
16,طيب انا واخده قرض من بنك القاهره وعايزا اسدد واخد مخالصه حياخد فائده اد ايه مني,2
17,ام هاجر 01123355226,2
18,لو هاخد قرض 50000 حاليا هتتحسب الفائدة على كام,2
19,مـمـگن تفصـيـل,2
20,إبراهيم عبدالله 01123355226,2
21,ممكن رقم للتواصل,2
22,ممكن خاص,2
23,طاهر عبد العزيز اتفضل,2
24,تفاصيل,2
25,عبدالعزيز غانم عبدالعزيز حجازى 01123355226,2
26,تلفونك,2
27,لو عايز عربيه ينفع بالاكلام ده. انا معياي عربيه مكروباض,2
28,لوكي كركر لا,2
29,ممكن رقم للتواصل,2
30,تلفوناتك..؟,2
31,ممكن التفاصيل,2
32,طه محمد أبومحمد 01123355226,2
33,إيه إسم البنك ده,2
34,يا فندم عندي قرض عايز اسده بس باين كده ملكوش فرع بالسويس هل ينفع انا منتظم بالسداد وانا صاحب عمل انت فاضلي شهرين واجيب نص المده,2
35,تفاصيل,2
36,أحمد عبدالعال النقادى لو عندك قرض بنسدده,2
37,ايه الأوراق المطلوبه لقرض سياره,2
38,تفاصيل أكثر لوسمحت,2
39,تم,2
40,انا مديون بمبلغ كبير يا ريت حد يساعدني,2
41,انا واخد قرض من بنك القاهرة وبقالى اكتر من سنة بسدد وانا موظف حكومى من ملوى المنيا فهل ممكن تشتروى قرضى واحول مرتبى عليكم,2
42,وياترى اسمك البنك ايه,2
43,لو واخد ١٥٠٠٠ من ابو ظبي ممكن بتسدد,2
44,فيه وثائق استثمار تابعة لصناديق بس بلاش علشان اسعار الوثائق فى النازل,3
45,فيه بس اسمها مش شهادات إستثمار تسمى ( صناديق الإستثمار ),3
46,طبعا صناديق الاستثمار mutual funds.. وحضرتك بتختار درجة المخاطره اللي تحب تستثمر فيها ومنها كمان صناديق اسلاميه,3
47,الصناديق,3
48,م,3
49,م,3
50,في انواع من صناديق الاستثمار بيكون مكونات محفظتها بالكامل اسهم,3
51,اه بفوايد تضل ل ١٧%,3
52,إيه هو صندوق الاستثمار اللي بتوصل فوائده للنسبة دي؟,3
53,ممكن تفاصيل اكتر,3
54,م,3
55,اسأل بنكي - Ask Banky,4
56,اعتقد قيمة اكبر من القرض الأصلي ب ١٠٪,5
57,م,5
58,ممكن اعرف كان ايه اجراءات بنك القاهره لسداد مديونيه,5
59,10 % علي المستحق المتبقي قيمه السداد المبكر 🤟,5
60,أي عملية دفع أيا كان الجهة المدفوع لها تعتبر عملية شراء.\nعمليات السحب من ماكينات الصراف الآلي فقط هي اللي تعتبر سحب نقدي,6
61,السحب النقدي من ماكينة ATM هو اللي يعتبر سحب نقدي واي تنفيذ بالفيزا تانية من خلالها يعتبر سداد بفيزا,6
62,"طيب لو شحنت بيها محفظه بنكيه ، تعتبر ايه؟",6
63,خد بالك ممكن تكون نصبايه,7
64,تم,7
65,في الغالب مش صح لان فنزويلا عليها حظر و مفيش فلوس بتطلع منها بسهوله,7
66,نصبايه واتقالت اكتر من ٥٠٠ مره قدامي في الشغل,7
67,محمد احمد حلوه اتقالت إزاي,7
68,عبدالرحمن الزيات عبدو حماده كل شهر لازم يجي حد البنك يقول نفس كلامك ده ويطلع نصب,7
69,لكن كل الادله معايا وادله تكفي والوديعه أساسا في لندن هو بلده فنزويلا,7
70,عبدالرحمن الزيات عبدو حماده نصب واخرة الحوار هتدفع مبلغ محترم بالدولار علشان الوديعه تتفك تحول المبلغ صاحبك يخلع .انتا تلبس .. حبيبي مفيش حاجة في الكون كله مجانا مفيش حد هيديك حاجة بدون مقابل غير والدك والدتك ..فوقو يابشر,7
71,نصب وانت براحتك,7
72,باركليز مصر قفل وبقي التجاري وفا اسمه وحوارات نصب وغسيل اموال,7
73,شوفت كام واحد قالك نصب؟؟\nومع ذلك.. ها تكذبهم كلهم وها تكذب عقلك اللى بيقولك انك ملكش أصحاب اصلا فى فنزويلا.. وان الفلوس دى لو موجودة مش حقك.. وها تكمل جري..,7
74,مبقاش فى باركليز فى مصر\nبقى التجارى وفا بنك,7
75,التجاري وفا أنا معايا صوره الشيك بالمبلغ ورقم مدير بنك باركليز لندن والبريد الإلكتروني واسمه وقالي الرسوم مدفوعه من صديقك والمبلغ خلال أربعة وعشرين ساعة في البنك المحدد منك أنا هدخل البنك واستعلم عن كل حاجه,7
76,بنك كريدي اجري كول منزل حاجه زاي كده,8
77,ادخل على الصفحه البنك واسال,8
78,ياريت يكون في بجد قرض بضمان عقار,8
79,م,8
80,م,8
81,مفيش بنك هيديلك جنيه و هو شاكك انك مش هتسدد ان شاء يكون هترهنله ايه البنك اهم و اول سؤال عنده هتسدد ازاى,8
82,غير متاح قرض بضمان عقاري,8
83,شوف بنك عوده واسال عل شركه شاليه متكوده عندهم وله لا ممكن تاخد بالشاليه,9
84,م,9
85,برجاء توضيح طبيعة القرض المطلوب,9
86,لازم اجمالي الاقساط لايتجاوز 50% من المرتب,10
87,وانا كنت واخد 65000,10
88,حتى لو سددت هيفضل عائق المرتب لان المبلغ المطلوب هيبقى اكبر من نسبة الخصم الي القانون محددها فلو سددت الي عليك هتعدي ال 100 الف ببتاع 20 الف بس,10
89,البنك الاهلى اكبر مبلغ وأكبر فتره سداد,10
90,طيب لو اخدت قرض بضمان شهاده وعايزه اكسر الشهاده وياخدو فلوس القرض ينفع مع ان كنت واخده القرض لمده ٥ سنين ومبقاليش هشهور,10
91,طلعها بضمان شهادة استثمار أو وديعه,11
92,انا معنديش اى حاجة منهم مفيش طريقة غير كدة,11
93,لو حابب فى Cib ابعتلى اسم شركتك ولو مش Suspended تمام حتى لو مش متكودة مفيش مشاكل,11
94,ينفع اعمل فيزا مشتريات من cib وانا مش عميله فيه بس عميله في بنك تاني ولو بنفع وايه الاوراق المطلوبه,11
95,مهتم,12
96,ا,12
97,م,12
98,ما فيش شهادات إنما صناديق استثمار ودي بتشغل فلوسها ف اي نشاط ربحه مضمون زي الدهب مثلا,12
99,فرع السلسله تقريبا,13
100,هو الوحيد الي شغال,13
101,كلية النصر للبنات\n15 ش أحمد حسنين الشاطبي,13
102,سحب فقط مفيش ايداع,13
103,امام الفرع,13
104,سحب بس,13
105,عندي في البيت,13
106,فرع السلسلة,13
107,تم,14
108,العربي,14
109,البنك الزراعي,14
110,التعمير والاسكان,14
111,تقريبا نفس الفائدة إلى بتتحسب ع المبلغ ككل,15
112,م,15
113,بعتلك خاص,16
114,يعني ايه by out ؟,16
115,يعني ايه by out,16
116,القاهرة,16
117,بنك القاهرة طبعا,16
118,بنك مصر,17
119,تقدر تعرف كل تفاصيل التمويل العقاري في كل البنوك المصرية من خلال موقعنا كمان تقدر تقدم على القرض اللي تختاره من خلال الموقع\nhttps://bankygate.com/banky/products/Mortgage-Loan,17
120,بنك ابو ظبي الاول,17
121,المصرف المتحد,17
122,"مافيش، موقوف في كل البنوك بأستثناء مشاريع الاسكان الاجتماعي",17
123,"موظف أو غير موظف ❌🧑🏻‍💻... بتحويل الراتب أو بدون تحويل 💵❌\nعشان متتعبش وتدور كتير ع القرض اللي أنت محتاجه، في #بنكي جمعنالك تفاصيل القرض الشخصي في كل البنوك المصرية 🏛في مكان واحد\nعشان تختار القرض والبنك الأفضل ليك\nكل ا…See More",18
124,عايز اعمل قرض محتاج حد للتواصل بدون تحويل راتب,18
125,شغال ايه وفين,18
126,ممكن رقمك يتواصل مع حضرتك خاث,19
127,ايه الميزة\nما البنك الاهلي بيدي 12.25٪,19
128,كل تفاصيل قروض المهن الحرة هتلاقيها موجودة على موقعنا\nادخل اختار القرض اللي يناسبك من البنك اللي يناسبك\nكمان تقدر تقدم على القرض من خلال موقعنا…See More,20
129,م,20
130,م,21
131,صورة بطاقتك بس,21
132,هو لازم يكون ليا حساب فى البنك ده مع العلم ليا حساب فى بنك تانى بس الموضوع معقد شوية,21
133,نصيحه بلاش,21
134,ماتحطش نفسك في مديونيات كتير مع البنك,22
135,لا مش هينفع عشان طالعه بضمان انما لو طالعه بدون ضمان وعدي عليها 6 شهور ممكن تطلع واحده تانيه من اي بنك وبيبقي نفس الليمت,22
136,قولي طلعتها ازاي بضمان الشهاده ياريت\nعشان بص انا زهقت وربنا\nلان عايز فيزا مشتريات,22
137,عادي اعمل الشهادة و روح خدمة العملاء قولهم عايز اعمل كريدت كارد,22
138,بنك عوده,22
139,خليك في الاهلي وحاول تزود الليمت بتاعها انضف من اغلب البنوك الاخري,22
140,عماد العمده,23
141,"فوائد شهادات الإدخار تختلف من بنك لأخر، كما تختلف وفقا لدورية الصرف، لمزيد من التفاصيل حول الشهادات، كما يمكنك طلب الشهادة أيضا عبر موقعنا من الرابط التالي\nhttps://www.bankygate.com/banky/products/Certificate-Deposit",23
142,البنك الزراعي المصري 12%ثابته,23
143,شهاده الحصاد من البنك الزراعي المصري ١٢% ثابته طوال 3سنوات,23
144,عاصفه الصحراء ﺍﻟﻤﻌﺠﺒﺎﻧﻲ,24
145,لازم تتصل بخدمة العملاء,24
146,نفس اللي حصل معايا امبارح\nوكلم خدمه العملاء اللي رقمهم علي ظهر الفيزا وهتنزل تسحب الفلوس هتلاقيها رجعت تاني,24
147,لازم تروح البنك بنفسك,24
148,كلم الخط الساخن في أسرع وقت,24
149,كلم خدمه العملاء هتلاقي الرقم علي الفيزا وغالبا الرصيد بيرجع تاني حصلت معايا ورجع لوحده تاني يوم,24
150,اتصل بخدمة العملاء,24
151,الفيزا لم تشتغل والمعاش واقف هل اروح استلم الفيزا ميزه الجديده ولا اعمل ايه,24
152,تم اعادة القيد على حسابكم ..ولاتقلق فلوسك موجودة فى الخساب...عن تجاربى مع البنك ا,24
153,الفلوس هترجع لك. تاني علي حسابك بعد 3 ايام من غير متعمل حاجه,24
154,الفائدة بتختلف باختلاف الضمانات\nلمزيد من التفاصيل والتقديم علي القرض عبر موقعنا يرجي زيارة الرابط التالي\nhttps://bankygate.com/banky/bankProducts/1?productId=1,25
155,من 14.75 إلي15.25% متناقصة سنويا,25
156,أخوي نصيحه لا تذود عدد سنين مشان بتكون فائده أكثر مرتفعه,25
157,عوضك ع الله,26
158,كدا كدا هيرجعو\nلا تقلق\nاسماعيل غازي,26
159,خليك وراهم لحاد مايردو وتبلغهم باسم البنك والمكنه وان المبلغ مخرجش من المكنة,26
160,ويسترد المبلغ خلال ١٠ ايام ولو انت عميل رواتب بيترد خلال ٢٤ ساعة,26
161,"اهلا بيك\nبتتقدم بطلب للبنك وبيتم المراجعه ورجوع المبلغ ليك، بياخد حوالي ١٠ ايام",26
162,ينفع عادى,27
163,لازم السجل التجاري يكون كمل ٣ سنين,27
164,مفيش حد بيدي قروض خالص علي السجل التجاري والبطاقه الضريبيه بس انا دوخت ومفيش حد بيوجه صح,27
165,ينفع عادي جدا من بنك القاهره انا شغال فيه والاجراءات سهله جدا بس حاليا القروض الجديده واقفه شغالين تجديد بس للعملاء القديمه اللي معانا وممكن تفتح خلال شهر,27
166,تواصل مع خدمة عملاء البنك علي رقم 16668,28
167,معاش والدتك بريد وله تبع بنك,28
168,لو تبع بنك هيحصل ايه,28
169,انا كمان حصل معايا كدا,28
170,وانا كمان حصل معايا المكنة مطلعتش فلوس وقالت ناسف اعدم وجود تعامل روحت التامينات قالى انت صرفت منالمكن روح قدم شكوى,28
171,يعني الموضوع ده بسبب تغيير الفيزا ولا ايه,28
172,كان فيه مشكله النهارده ف جميع المعاشات,28
173,طارق ابوالهنا يعني الموضوع ملوش علاقه بتغيير الفيزا,28
174,طارق ابوالهنا\nطيب الحل ايه,28
175,اتصل ب ١٩٦٨٠ خط ساخن معاشات,28
176,علي فكره في ناس كتير اتعمل معاها نفس المشكله دي,28
177,النهاردة المعاشات تقريبا فيها مشاكل واكيد المعاش بتاعك تبع البريد صح ؟,28
178,في مشكله النهارده ف السيستم بتاع البنوك اكتر من ٢٠ حاله نفس المشكله حصلت قدامي,28
179,و انا كمان بس فيزا راتب,28
180,لو معاش بريد لازم تقبض من البريد مرة كل ٣ شهور ولو سنها صغير مرة كل ٦ شهور علشان يتاكدوا انها موجودة,28
181,كل تفاصيل قروض المهن الحرة هتلاقيها موجودة على موقعنا\nادخل اختار القرض اللي يناسبك من البنك اللي يناسبك\nكمان تقدر تقدم على القرض من خلال موقعنا…See More,29
182,اتفضل اساعدك,29
183,لا,30
184,محمد احمد حلوه حلول طيب 😅,30
185,لا,30
186,لا ينفع عادي,30
187,بيروح بالتوكيل خدمه العملاء في البنك ولو مثبوت فيه بينفذله الإجراء على طول ولو مش مثبوت فيه بيكلمك على الفون ويعمل معاك تثبيت من الشخصية\nوالأسهل من دة كله تعمل محفظه الكترونيه جديدة على الفون وتعمل عليها اللى انت عايز تعمله على الحساب عادي,30
188,لأ,30
189,لا,30
190,لا,30
191,لازم توكيل اداريت بنوك,30
192,ينفع,30
193,لا,30
194,م,31
195,أ- هادي هيتواصل معك فى اقرب وقت لتفاصيل أكثر\nHady Elrawy,31
196,اعلى شهادة في بنك التعمير والاسكان هي شهادة تحيا مصر\nواللي هتلاقي تفاصيلها لما تزور موقعنا\nhttps://bankygate.com/Banky/ProgramDetails/11556,32
197,تم,32
198,حد يعرف اعمل وديعه. في اي بنك وباعلي عائد,32
199,متابع,33
200,اى فيزا المهم بتدعم المواقع العالميه وليست المحلية فقط,33
201,"الشيك المسطر هو الذي يرسم على صدره خطان متوازيان بينهما فراغ والغاية من رسم هذين الخطين ، لفت نظر البنك المسحوب عليه إلى وجوب الامتناع عن دفع مبلغ الشيك إلا إذا كان مقدماً من أحد البنوك أو من عميل للبنك المسحوب عليه تبعاً لما كان التسطير عاماً أم خاصاً…See More",34
202,"الشيك المصرفي هو أمر يحرره البنك لأمر المستفيد بوفاء مبلغ معين لدى الاطلاع، ويكون المسحوب عليه في العادة هو نفس الساحب أو أحد فروعه، ويأتي إصدار مثل هذه الشيكات بناء على طلب عميل البنك الذي يريد تقديمه لشخص ثالث، مثل تكلیف العمیل البنك بدفع مصاریف الدراسة لإحدى الجامعات بالخارج، حیث یقوم البنك بإرسال مبلغ الشیك إلى بنك مراسل آخر، ثم یقوم البنك المراسل بصرف قیمة الشیك إلى المستفید، وهو مثل الحوالة البریدیة.",34
203,"الشيك الاسمي: ھو عبارة عن الشیك الذي یجب أن یذكر فیه اسم الشخص الذي سوف یقوم بصرف الشیك، أي للمستفید الأول فقط.",34
204,لمزيد من التفاصيل والتقديم علي القرض عبر موقعنا يرجي زيارة الرابط التالي\nhttps://www.bankygate.com/banky/products/car-Loan,35
205,ياريت لو حد من خدمة عملاء البنوك يقدر يساعد يكلمني خاص او يسيب كومنت وانا هكلمه,35
206,تواصل معايا يافندم مفيش مشكله,35
207,المصرف المتحد,35
208,البنك الزراعي المصري 12٪ وصرف العائد شهري و بيحول ع التوفير و يتحسب عليه 8٪,36
209,ويبقي خافقي لله\nيعني لو حضرتك مصرفتش العائد ف ميعاده بضيفه ع مبلغ التوفير واحسبلك عائد عليه 8٪,36
210,اعمل بحث تاني علي الالغاء,36
211,القاهرة ١٢.٢٥,36
212,"فوائد شهادات الإدخار تختلف من بنك لأخر، كما تختلف وفقا لدورية الصرف، لمزيد من التفاصيل حول الشهادات، كما يمكنك طلب الشهادة أيضا عبر موقعنا من الرابط التالي\nhttps://www.bankygate.com/banky/products/Certificate-Deposit",36
213,؟؟؟؟؟؟,37
214,برجاء توضيح استفسارك اكثر,37
215,بس الناس اللى بتحول على الرقم العادي مش الآيبان بتوصل برضو\nمعقول حوالتك علقت عشان كدا ؟,38
216,محمد المصري أيوة منا بتكلم على كدا التحويل للحساب برقم الحساب العادي لسه شغال وصحابى محولين الاسبوع دا ووصلهم عادي,38
217,التحويل لغاية دلوقتي برقم الحساب والسويفت. زي ماهو....مفيش تغيير...\nولو بالايبان يبقي شغال برضوه. علي حسب كلام البنك,38
218,استفسار بالله عليكوا للي يقدر يفيدني انا دلوقتي مسافر برا وكنت بحول علي حسابي ف مصر ودلوقتي غيرت البنك اللي كنت بحول منه ورحت لبنك تاني عشان بس انا مش اعد ف مصر كتير وبتعامل مع البنوك كتير\nسؤالي 💁🏻‍♂️\nهو ده رقم الحساب ولا لاء اللي المفروض اضيفه ف المستفدين عندي للتحويل عليه,38
219,تقدر تقدم فى اي بنك علي مبادرة نقاط البيع مجانا,39
220,بعتلك خاص,39
221,في طريقه تانيه غيز pos لاني مش كل عملاء معاهم كريدت بمبالغ كبيره,39
222,من خلال اقرب فرع ليك يا فندم,40
223,عادي يعني انا فرع بنك مصر اسبيكو السلام وساكن في منوف المنوفيه ممكن اروح انشطها من فرع منوف القريب مني Banky - بنكي,40
224,هي علي العلم موقوفه مني,40
225,ممكن الرد,40
226,تقدر تطلع كارت جديد من اقرب فرع ليك و بيجيلك الكارت علي البيت خلاص مفيش استلام كروت من الفرع\nبالنسبه للتنشيط من ١٩٨٨٨ وليس الفرع,40
227,لمزيد من التفاصيل والتقديم على الوديعة المناسبة يرجى زيارة الرابط التالى\nhttps://www.bankygate.com/banky/products/Deposit,41
228,م,41
229,ن,41
230,بنك مصر 12%,41
231,البنك الأهلي الكويتي 12 %\nوممكن تحصل بضمانها قرض ب 90 % من قيمة الشهادة أو الوديعه,41
232,لا شغال,42
233,ازاي حضرتك مدير البنك نفسة قالي الصرف متوقف Osama Shaban,42
234,يوم,43
235,بس لو محول يوم الخميس مساء اكيد بتوصل الاحد,43
236,حد أقصى يوم,43
237,ممكن أعرف غرامت يوم تاخير قسط القرض في بنك QNP,43
238,يوم,43
239,الفرق بين الوديعة والشهادة الوديعة بتكون بالايام الشهاده بالسنوات . الوديعة ممكن العائد بتاعها يعلى عليها أو يجنب انا الشهادة فالعائد منفصل عنها,44
240,احمد محمد توضيح اكتر لو سمحت,44
241,بص الودائع في ودائع بتبقى قصيرة الاجل وودائع طويلة الاجل الودائع القصيرة بتبقى من اسبوع ل سنة على حسب اختيار العميل اما الودائع الطويلة بتبقى فوق السنة ودي بتبقى بسعر والتانية بسعر وعادي ممكن تكسرها قبل مرور 6 شهور من تاريخ شراء المنتج اما الشهادة بتبقى اسعار العائد بتاعها اعلى من الوديعة بس بتتدي من سنة ومينفعش تكسرها قبل 6 شهور,44
242,وسواء في الشهادة او الوديعة لو كسرتهم بتخسر من العائد مش من الاصل ولو بصيت في حسابك لقيت قيمة الخصم اعلى من الي في حسابك هضطر اخصم من الاصل قبل ما اديهولك 🙏,44
243,هل تغيير الفيزا إجباري أم اختياري؟!,45
244,فارس بلاجواد\nحتى اﻵن إختياري لحين إصدار تعليمات أخرى,45
245,وبالنسبه للبنوك ايه الحل فيزا مرتبات قطاع خاص,45
246,طب انه افضل فيزا ميزه معاشات تبع البنك ولا تبع البريد ؟؟؟؟,45
247,1000*4.375٪ / 12 شهر,46
248,يعني ال ١٠٠٠ علية فوائد 3.645 ج. م,46
249,شكرا على الاجابه السريعه. ايه افضل بنك ممكن يدي عائد لوديعه شهريه ؟,46
250,لمزيد من التفاصيل والتقديم علي الوديعة عبر موقعنا يرجي زيارة الرابط التالي\nhttps://www.bankygate.com/Banky/Products/Deposit?query=,46
251,ابانوب متياس كامل,47
252,كل تفاصيل قروض المهن الحرة هتلاقيها موجودة على موقعنا\nادخل اختار القرض اللي يناسبك من البنك اللي يناسبك\nكمان تقدر تقدم على القرض من خلال موقعنا…See More,47
253,جربي PayPal أو CashU,48
254,ويسترن يونيون حولى له بالجنيه وخليه هو يسحبهم من هناك بعملتهم,48
255,ممكن MONEYGRAM عن طريق المصرف المتحد ومش شرط حساب بس اتأكدي منهم برضو وهيبقي عليهم عموله 15$,48
256,روح البنك العربي الافريقي بس تحولهم دولار مش مصري,48
257,يرجي التواصل مع البنك فى اقرب وقت لتقديم طلب جدولة القرض,49
258,م,49
259,"غير متاح، يشترط اثبات دخل",50
260,ينفع,51
261,لمزيد من التفاصيل عن القرض والتقديم عليه عبر موقعنا يرجي زيارة الرابط التالي\nhttps://www.bankygate.com/Banky/ProgramDetails/63273,52
262,محتاج حد اتواصل معاه لو سمحت,52
263,محمد ابوالنجاعبيد,53
264,مجانا للجميع حتى اخر العام,53
265,عبدالله العبادى\nهو ايه اللي مجانا,53
266,عبدالله العبادى مصاريف السحب من ماكينات الصراف الالي هي اللي مجانا يافندم,53
267,سؤال جميل الحقيقة\nعايز اعرف برضو,53
268,م,53
269,م,53
270,بنك اسكندريه بيسحب ٥ ج شهريا مصاريف تشغيل حساب\nو ٥٠جنية فالسنة مصاريف debit card,53
271,ده معناه ان الماكينة ليس بهت نقود كافية او انك تطلب سحب مبلغ اكثر من المتاح سحبه من الماكينة.\nجرب سحب 3000 في المرة الواحدة.,54
272,ياسين. جنا.كريم,55
273,ينفع تكسري الشهادة بعد مرور ٦ اشهر من اصدارها و القرض هيكون واجب السداد لانة بضمانها مع العلم ان في عمولة سداد مبكر و ان القرض عند السداد هتلاقي اصل المبلغ مقلش كتير لانة في اول المدة بيكون ٩٠ % مثلا فائدة و الباقي من اصل المبلغ,55
274,كل ٣ شهور,58
275,٥٥ ج كل ٣ اشهر,58
276,م,59
277,لازم يكون موظف,59
278,مساء الخير ياسيف\nمن الانترنت بانكنج\nزي كدا,60
279,"افتح الويب سايت بتاع البنك ، هتلاقي ف خدمة الاستعلام عن الايبان\nهدخل رقم الحساب الخاص بيك والرقم القومى ، هيطلعلك الايبان الخاص بالحساب",60
280,60 كل ٣ شهور+\n٥٠ كل سنه\nمفيش مصاريف على الشهادات,61
281,أنا مش عارف بنك ال انا في واخذ مني 170 جم مصاريف بس في 6 شهور,61
282,#الموضوع #ممكن_يوصل_لى #10_أيام #عمل ...,62
283,لازم تتابع مع البنك يافندم والفلوس بترجع بعد عمل جرد وبتاخد مده حوالي اسبوعين واوقات شهر,62
284,لمزيد من التفاصيل والتقديم علي الوديعة عبر موقعنا يرجي زيارة الرابط التالي\nhttps://www.bankygate.com/Banky/ProgramDetails/4602,63
285,لازم اثبات دخل,64
286,مش هيغير القرار ..\nثانيا البنك ملتزم معاك بتاريخ الشراء بشروطه,65
287,حضرتك لا توجد قيمة استردادية لشهادات الإسلامية ببنك مصر\nويتم الاسترداد لكامل قيمة الشهادة بعد مرور ٦ شهور بدون اي خصومات ودا ميزة لشهادات الإسلامية ببنك مصر,65
288,الفائده كام,67
289,لمزيد من التفاصيل والتقديم علي القرض عبر موقعنا يرجي زيارة الرابط التالى\nhttps://www.bankygate.com/banky/bankproducts/4?productId=1,67
290,لمزيد من التفاصيل والتقديم على الحساب عبر موقعنا يرجى زيارة الرابط التالى\nhttps://www.bankygate.com/banky/bankproducts/1?productId=10,68
291,لازم يكون موجود لتوقيع علي مستندات فتح الحساب,69
292,لو معاه فيزا ممكن يطلع لكم فيزا ع نفس حسابه عادى,69
293,"مصاريف الحسابات تختلف من حساب لأخر، لمزيد من التفاصيل يرجي زيارة الرابط التالي\nhttps://bankygate.com/banky/bankproducts/2?productId=10",70
294,انا دلوقتي شغلي كان مديني جواب افتح الحساب من حساب الشغل\nو الجواب ضاع مني\nفهل لو روحت افتحه بنفسي عشان اقبض هدفع كتير ؟,70
295,اي تسهيلات ائتمانية زي القروض او البطاقات الائتمانية,71
296,اسمه اي,72
297,البنك الأهلي المصري,72
298,الشروط المطلوبة\n– الجنسية المصرية أو الإقامة بالنسبة للأجانب .\n– حد أدني للعمر 21 سنة للبطاقات الأصلية .…See More,73
299,يرجى المتابعة مع الادارة المختصة بالبنك لمعرفة مواعيد أقساطك الجديدة لعدم التخلف عن سدادها,74
300,لمزيد من التفاصيل والتقديم على القرض عبر موقعنا يرجي زيارة الرابط التالي\nhttps://www.bankygate.com/banky/bankProducts/2?productId=1,75
301,"فوائد الودائع تختلف من بنك لأخر، لمزيد من التفاصيل والتقدي علي الوديعة عبر موقعنا يرجي زيارة الرابط التالي\nhttps://www.bankygate.com/banky/products/Deposit",76
302,البيتكوين غير مصرح به في مصر,77
303,كريدي اجريكول و مجانا في الفترة الحالية وهايبقي فيزا,78
304,برجاء توضيح طبيعة القرض المطلوب,79
305,لازم تحويل مرتب او كشف حساب لأخر ٦ شهور,80
306,انا مرتبى بيتحول على البنك الاهلى المصرى والبنك رفض الطلب بحجة ان الشركة محظور التعامل معها على الرغم من أن الشركة بتحول مرتبى على نفس البنك,80
307,لو الف جنيه عاءد كام يومي,81
308,لمزيد من التفاصيل والتقديم علي القرض عبر موقعنا يرجي زيارة الرابط التالي\nhttps://www.bankygate.com/banky/products/car-Loan,83
309,القاهرة,83
310,تقدر تعرف كل تفاصيل التمويل العقاري في كل البنوك المصرية من خلال موقعنا كمان تقدر تقدم على القرض اللي تختاره من خلال الموقع\nhttps://bankygate.com/banky/products/Mortgage-Loan,85
311,"برامج مخصصة لعملاء البنك، تشمل خدمات متميزة منها انهاء التراخيص المختلفة وحجز تذاكر السفر وغيرها من الخدمات الاخرى",86
312,دي بتبقى خدمات مميزة لبعض العملاء,86
313,لمزيد من التفاصيل والتقديم علي القرض عبر موقعنا يرجي زيارة الرابط التالي\nhttps://www.bankygate.com/banky/bankProducts/1?productId=1,87
314,صلاح الديك,91
315,يرجي التواصل مع الفرع المختص لمعرفة مواعيد وقيمة الأقساط,91
316,علي حسب عائد حساب التوفير نفسه,94
317,أيها أفضل الوديعة ام الشهادة\nوما معنى وديعة لمدة ثلاث شهور\nولكم جزيل الشكر,94
318,15 يوم تقريبا,95
319,الاهلي اليوناني,96
320,بجد؟,96
321,بيطلبوا علشان الشركه تتكود,96
322,تقصد الشهاده..؟\nالشهادة متتكسرش قبل ٦ شهور من تاريخها\nوبتخسر حوالى ٧٥ ٪ من الفائدة,97
323,بعد ٦ شهور من تاريخ الشراء,97
324,الوديعه حضرتك تقدر تكسرها اي وقت عكس الشهاده اللي مش بتتكسر الا بعد 6شهور لكن طبعا بدون نقاش بتخسر الفايده بنسب متغيره من بنك للتاني,97
325,الوديعة اي وقت بس بتخسر فيها من الفايدة مش من الاصل بنسب متغيرة حسب المدة والبنك اما الشهادة لا يمكن تكسرها قبل 6 شهور من تاريخها وبردو بتخسر فيها حسب المدة والبنك,97
326,ابو زياد,98
327,لو واخد قرض بيفضل بنفس الفائدة حتى نهاية المدة,99
328,مخلص الورق على الاستلام لسة هستلم باقى اجراءات الحظر,99
329,الفائدة تختلف باختلاف الضمانات المطلوبة\nلمزيد من التفاصيل والتقديم علي القرض عبر موقعنا يرجي زيارة الرابط التالي\nhttps://bankygate.com/banky/bankProducts/35?productId=1,100
330,• يمكن للعميل طلب التقسيط من خلال الهاتف عبر مكالمة مسجلة إلى مركز خدمة عملاء CIB على رقم 19666 محلياً أو من خلال أي من المتاجر العادية و الإلكترونية المشاركة داخل مصر\n• الخدمة متاحة على المعاملات التي تتم محلياً أو دولياً\n• يمكن لحامل البطاقة الائتمان…See More,101
331,يمكنك الاستعلام عن كافة أرصدة حساباتك وإجراء معاملاتك البنكية عبر خدمة الانترنت البنكي أو الموبايل بانكنج\nوتقدر تشترك فى خدمة الرسائل عن طريق التواصل مع خدمة العملاء أو زيارة اقرب فرع,103
332,م,104
333,م,104
334,اجراءات بتاخد من اسبوع ل عشر ايام يافندم والاجراءات كلها ساهله,105
335,حسن أبو علي,106
336,برجاء توضيح طبيعة القرض المطلوب,106
337,؟؟,107
338,مش محتاج ضمان ! المهم حسابك يبقى فيه رصيد,107
339,المعهد المصرفي تبع البنك المركزي المصري,108
340,مسموح طبعا,109
341,عادي,109
342,مسموح في حدود 60 ألف فقط,109
343,مسموح بضمان ال١٠٠ الف المتبقية\nالا لو عندك مشاكل في سداد القرض الحالي,109
344,لمزيد من التفاصيل والتقديم علي القرض عبر موقعنا يرجي زيارة الرابط التالي\nhttps://www.bankygate.com/banky/bankProducts/22?productId=1,112
345,لازم تتواصل مع خدمة العملاء فى اقرب وقت لتقديم طلب ايقاف البطاقة,113
346,احمد علي متولي,114
347,الفائدة على القرض بضمان الشهادة تكون اعلى من فائدة الشهادة بنسبة تتراوح من ٣ الى ٤٪,114
348,يمكنك الاستعلام عن كافة أرصدة حساباتك وإجراء معاملاتك البنكية عبر خدمة الانترنت البنكي أو الموبايل بانكنج,115
349,"او يبقي مدة ميتعاملش ع الحساب ، اكثر من ٦ شهور او سنة مثلا",116
350,"فوائد شهادات الإدخار تختلف من بنك لأخر، كما تختلف وفقا لدورية الصرف،\nتقدر تختار المدة ودورية الصرف اللي تناسبك، ولمزيد من التفاصيل حول الشهادات، كما يمكنك طلب الشهادة أيضا عبر موقعنا من الرابط التالي\nhttps://www.bankygate.com/banky/products/Certificate-Deposit",118
351,التلات سنين الأهلي و مصر و القاهرة و qnb ١٢ %\nأما الخمس سنين qnb ده أعلى فايدة في كل البنوك دلوقتي 12%,118
352,القاهرة,118
353,"موظف أو غير موظف ❌🧑🏻‍💻... بتحويل الراتب أو بدون تحويل 💵❌\nعشان متتعبش وتدور كتير ع القرض اللي أنت محتاجه، في #بنكي جمعنالك تفاصيل القرض الشخصي في كل البنوك المصرية 🏛في مكان واحد\nعشان تختار القرض والبنك الأفضل ليك\nكل ا…See More",119
354,م,120
355,ن,120
356,نفس المشكلة دية معايا ف بنك المشرق\nمع العلم ليا رصيد ف البنك 700ج والبطاقة عملت مديونية كبيرة ومقفلوش. البطاقة رغم انى مسدد القرض ولغيت البطاقة,120
357,حقيقى قرض سيارة وسدت قبل المعاد وقفلت البطاقة ودافع بزيادة وليا رصيد وف الاخر 50ج عملت مديونية 2000,120
358,قدم شكوى في البنك المركزي,120
359,معاك المخالصه؟,120
360,حضرتك الاول لازم تطلع شهاده مديونيه من البنك نفسه بعد ما تدفع ال1600 جنيه ان كده مافيش عليك اي مديونيه وانك قفلت الفيزا تاخد الشهاده دي وتطلع بيها ع الايسكور نفسه في القريه الذكيه تحكلهم مشكلتك وهما بيعدلو القوائم السلبيه من عندهم بس تقريبا بيبقي بعد ماتقدم الورق بشهر,120
361,برجاء توضيح استفسارك,121
362,"موظف أو غير موظف ❌🧑🏻‍💻... بتحويل الراتب أو بدون تحويل 💵❌\nعشان متتعبش وتدور كتير ع القرض اللي أنت محتاجه، في #بنكي جمعنالك تفاصيل القرض الشخصي في كل البنوك المصرية 🏛في مكان واحد\nعشان تختار القرض والبنك الأفضل ليك\nكل ا…See More",124
363,ازاى احمل التطبيق على الموبيل لو سمحت,125
364,يعنى انت دافع 400 جنيه زياده بمعنى لو قسط الشهر ال جاى 2000 جنيه اعمل إيداع ل1600 بس,125
365,عندي واحدة ليمت ١٢ الف كنت عملت عملية با المبلغ كلو قسط ومتبقي ٥٠٠ دفت رسوم الفايدة الاول ودفعت شهر من القسط بستعلم عن الرصيد لقيت الرصيد ١٢٥٠٠ والمتاح ٥٠٠ بصراحة مش فاهم هام مش المفروض الشهر القسط ينزلي في حسابي مع ال٥٠٠ المتبقية ؟,125
366,"رصيد الحساب هو إجمالي الرصيد الحالي الموجود إما في حساب الشركة أو في الحساب الشخصي\nالرصيد المتاح هو مقدار الأموال المتوفرة في الحساب في وقت الوصول إليه. وهذا يعني أنه عندما يتم إجراء معاملة إما باستخدام بطاقة خصم أو إيداع ودائع أو عمليات سحب من خلال أجهزة الصراف الآلي ، سيتم تحديثها على الفور",125
367,كدا حضرتك مستخدم فوق اللمتد بتاع الفيزا مبلغ ٤٠٠ جم,125
368,اب,126
369,اب,126
370,اب,126
371,ش,126
372,الشروط المطلوبة\n– الجنسية المصرية أو الإقامة بالنسبة للأجانب .\n– حد أدني للعمر 21 سنة للبطاقات الأصلية .…See More,126
373,كل تفاصيل البطاقات المتاحة في كل البنوك المصرية هتلاقيها على بنكي\nhttps://bankygate.com/banky/products/Cards\nكمان تقدر تقدم على البطاقة اللي تعجبك من خلال موقعنا,127
374,اكتر عروض CIB طبعا ولو عاوزة اى معلومات عن استخراجها تحت امرك,127
375,15 في اليوم من عل Atm,128
376,"50,000 من الشباك و 20,000 من atm",128
377,تقريباً وصل 20000,128
378,"50 الف جنيه لو حساب عادي ، لو قرض هيدك تريليون جنيه لو عايز",128
379,شباك 50 .. وماكينة 20 ..,128
380,20 ألف جنيه من atm\n50 ألف جنيه من الفرع,128
381,كل تفاصيل قروض المهن الحرة هتلاقيها موجودة على موقعنا\nادخل اختار القرض اللي يناسبك من البنك اللي يناسبك\nكمان تقدر تقدم على القرض من خلال موقعنا…See More,129
382,هو ينفع قرض بدون عمل لعمل مشروع,129
383,لازم اثبات دخل,129
384,نشاطك ايه\nومكانك فين\nممكن تكلمني على 01090943999,129
385,تفصل,129
386,نوع النشاط اية وفين,129
387,اشكر حضراتكم بالنسبه لعروض البنك وللرد علي استفسار حضراتكم\nعندي سجل صناعي مصنع جلود وكشف حساب تجاري وكل الاوراق المطلوبه جاهزه لكن انا بتاسف مسافر خارج مصر حاليا وسوف اتواصل والتعامل مع المبادره 5 بالمائه بالنسبه للقرض فقط,129
388,برجاء توضيح استفسارك,130
389,ياريت انا كمان,131
390,ممكن حضرتك توضح استفسارك ؟,131
391,متابع,133
392,ممكن تابع اى بنك تاني على حسب عدد الموظفين وراس المال,133
393,ممكن تفاصيل,134
394,تقدر تقترض من خلال مبادرة المركزي بفائدة تبدأ من 5 %\nواللي هتلاقي تفاصيلها في اللينك ده\nhttps://bankygate.com/Banky/Products/Corporate-Loan...,135
395,لمزيد من التفاصيل حول قرض أصحاب المعاشات والتقديم على القرض عبر موقعنا يرجي زيارة الرابط التالي\nhttps://www.bankygate.com/Banky/Products/Personal-Loan...,136
396,برجاء توضيح طبيعة القرض المطلوب لإفادة أكبر,137
397,مفيش حاجه كده.,137
398,لمزيد من التفاصيل والتقديم علي القرض عبر موقعنا يرجي زيارة الرابط التالي\nhttps://bankygate.com/banky/bankproducts/19?productId=1,138
399,حضرتك انا استلمت فيزا مشتريات من امبارح عايز انشطها لكن رقم خدمة العملاء مش شغالة ١٩٨٨٨ ايه الحل,139
400,ليا استفسار كيف استخدم فيزا مشتريات بضمان شهادة ٤٠٠٠,139
401,الفائدة تحتسب علي أقل رصيد بالحساب,142
402,بالظبط,142
403,كام نسبة الفايده,142
404,الفايدة بتتحط علي ااقل مبلغ خلال الشهر..وبتتجمع وتضافلك في معادها...\nبمعني. ااقل مبلغ خلال شهر ٩ مثلا. 50 الف..يبقي تتحسب فايدة المبلغ ده\nااقل مبلغ خلال شهر ١٠. 40 الف...يبقي تتحسب فايدة المبلغ ده ...…See More,142
405,لمزيد من التفاصيل عن الودائع والتقديم عليها عبر موقعنا يرجي زيارة الرابط التالي\nhttps://www.bankygate.com/banky/products/Deposit,143
406,صندوق استثمار النقدى ذو العائد اليومى\nفى اى بنك,143
407,ممكن توضح لي تفاصيل اكتر ؟,143
408,توريد,143
409,م,143
410,م,144
411,م,144
412,"موظف أو غير موظف ❌🧑🏻‍💻... بتحويل الراتب أو بدون تحويل 💵❌\nعشان متتعبش وتدور كتير ع القرض اللي أنت محتاجه، في #بنكي جمعنالك تفاصيل القرض الشخصي في كل البنوك المصرية 🏛في مكان واحد\nعشان تختار القرض والبنك الأفضل ليك\nكل ا…See More",144
413,مينفعش حضرتك تعدى الحد الائتمانى للكارت,145
414,انا فيه ناس قالولي انهم جربوا الموضوع ونفع معاهم..هل حضرتك جربت قبل كده؟,145
415,لازم تتاكد الاول ان الكارت بيقبل الاوفر ليميت\nانا كنت بعمل كده في فيزا كريدت كارد تبع كريدي اجريكول,145
416,يوسف محمد البنك الاهلي روتيني وتقليدي لابعد الحدود متنتظرش منه اي تساهيل او مواكبه سريعه للعصر والتكنولوجيا الحاليه,145
417,حسب سياسه بنكك,145
418,اكيد حضرتك عندك ديبت كارد او بطاقة خصم من الحساب خليه للسحب الكاش والكريديت خليه للمشتريات ايه المشكلة ؟,145
419,قبل السفر... يجب الاتصال ع خدمة العملاء للبنك وابلاغهم بالدول المراد استخدام الكريدت والديبت كارد فيهم,145
420,ده صغيره ؟,146
421,اعمل كشف حساب لثلاث شهور\nحركه كتير سحب وايداع .\nوهتمشى معاك .…See More,146
422,عبد الرحمن احمد\nفى بنوك 3 واسأل,146
423,هو نشاطك ايه يا باشا,146
424,والبنك عمل معاينة ولا لا,146
425,من امتي الكلام ده,146
426,ينفع,147
427,حضرتك معاك اى كارت تانى من اى بنك؟,147
428,ينفع اكيد وبضمان الشهادة من غير ورق مجرد البطاقة والبنك الاهلي حبالهم طويلة اوي لو عندك صبر اعملها انا استلمتها بعد 3 شهور بالضبط انت وحضك,147
429,كل تفاصيل قروض المهن الحرة هتلاقيها موجودة على موقعنا\nادخل اختار القرض اللي يناسبك من البنك اللي يناسبك\nكمان تقدر تقدم على القرض من خلال موقعنا…See More,148
430,ممكن حد يتواصل معايا من بنك المشرق,148
431,طب وبالنسبه للثابته ؟,149
432,اعتقد لكن مش متاكد انه ممكن تشحن الكرت في شركة الكهرباء نفسها مش فوري ويكون الوصل فيه العنوان\n\nلكن اذا معتمد او لا معنديش فكرة,150
433,"او اذا مش معتمد، اعتقد ممكن يقبلوا منك عقد ايجار موثق",150
434,اب,151
435,المصرف المتحد,151
436,طيب ممكن تفاصيل,151
437,طالبين تسهيلات لازم ايداعات او تمويل مقابل التسهيلات وده موضوع لا يتم مناقشته الا في مقر البنك,151
438,انا بس عاوزه اتأكد من نظام تحويل المرتبات في البنك,151
439,المصرف المتحد\nفرع المساحه-الدقى,151
440,"أهلا بيك، برجاء توضيح طبيعة القرض المطلوب",152
441,الأهلي الكويتي اتفضل,152
442,فيه حساب بنكي,152
443,دلوقتي انت عايز موظف ولا عايز قرض 🤔,152
444,كل تفاصيل قروض المهن الحرة هتلاقيها موجودة على موقعنا\nادخل اختار القرض اللي يناسبك من البنك اللي يناسبك\nكمان تقدر تقدم على القرض من خلال موقعنا…See More,152
445,اتفضل يافندم,152
446,انا كنت عايزه قرض شخصى ٦٠ الف و مرتبى ٢٨٠٠,152
447,لو سمحتوا انا عايزه قرض ب٦٠ الف و معايا كشف حساب بنكى ب ٦ شهور و مختوم من البنك\nممكن حد يفيدني ؟,152
448,عايز اتواصل مع أحد من بنك. QNB,153
449,اهلا بيك ممكن حضرتك توضح استفسارك,153
450,احمد سلام,153
451,محاسب\nمرتب ٤٥٠٠\nمحتاج قرض ١٠٠٠٠٠…See More,154
452,انا مرتبى ٢٨٠٠ و معايا مفردات مرتب من البنك الاهلى مختومه ب ٦ شهور\nمدرسه فى مدرسه خاصه ..هل حينفع ؟,154
453,متاح للمقاولات,154
454,ممكن تواصل,154
455,موظف بالبترول\nحضرتك تبع بنك ايه\nممكن تفاصيل,154
456,سجل تجارى من 2005\nعايز قرض شخصى ممكن التفاصيل,154
457,ممكن اكلمك خاص,154
458,من فضللك عاوزة اعرف لو انا منتفعة بمعاش والدتي هل من حقي اخد قرض ولو ممكن منين,154
459,ممكن رقم التلفون,154
460,رقم تليفون حضرتك للاستفسار,154
461,اين,154
462,تابع ابي بنك واين مقركم,154
463,مهتم,154
464,موظف قطاع خاص مرتبي مش محول على أي بنك بقبض مانيوال,154
465,بنك ايه,154
466,موظف قطاع خاص المرتب5000 يتحول على البنك الاهلى شركة بريمير سرفيس,154
467,مدرس وعايز قرض,154
468,لاغيني,154
469,ممكن رقم التواصل خاص للضروره,154
470,فرحة عمري اقدر اساعد حضرتك ازاى؟,154
471,تفاصيل اكثر,154
472,ضياء السيد ما هى طبيعه العمل ؟,154
473,موظف قطاع خاص ممكن تواصل بحضرتك,154
474,لو مزرعه مواشي اخد قرض,154
475,حمدي عليوه عليوه يستلزم وجود سجل تجارى وكشف حساب بنكى,154
476,ولو على محل علاء ايه الورق المطلوب,154
477,لو سمحت ممكن تفاصيل لقرض 100000الف موظف قطاع عام,154
478,محمد الجمل لابد من حساب الدخل الشهرى الخاص بك اولا لتحديد الحد الائتمانى,154
479,عندي سجل بس مش عندي حساب,154
480,السلام عليكم,154
481,ابو احمد عليكم السلام اقدر اساعد حضرتك ازاى,154
482,بنك ايه حضرتك\nو هل الشروط و الضمانات بتختلف لو القرض وصل لاعلي حد 2000000 مثلا,154
483,التفاصيل,154
484,لو سمحت ممكن تفاصيل لقرض 100000الف موظف قطاع عام,154
485,يعني بديهي كده يبقي فيه طريقة تواصل او اسم البنك او اللي مهتم للاستفسارات رقم كذا لينك كذا لكن كده مبهم وعاوزين كل واحد يدخل يقولك شغال فين وبقبض كام وبرضو مبتديش الخلاصة اللي عااوز ينفذ هيبدأ اجراءاته منين؟!!!,154
486,حازم حازم عذرا يافندم,154
487,ممكن رقم للتواصل حضرتك ماقلتش بنك ايه عاوزا اقدم قطاع خاص,154
488,دة ازاي,154
489,مدير وشريك بشركة كيماويات,154
490,"كنت عايز مبلغ ٥٠ الف على ٣سنوات وممكن على سنتين،، موظف هيئة حكوميه، ودخل يتخطى ٤٠٠٠،ممكن اعرف الفائدة هتكون كام؟",154
491,ممكن لو سمحت رقم للتواصل مع حضرتك الاوراق كلها موجوده وعايزه اعرف تفاصيل اكتر,154
492,تفاصيل,154
493,لو في سجل تجاري وبطاقة ضربيه لكن مفيش حساب بنكي,154
494,موجود سجل 2007 وحساب,154
495,ده بجد,154
496,عاوز اعمل قرض موظف قطاع خاص,154
497,نور الشرقاوى طبيعه العمل داخل الشركه ؟,154
498,تفاصيل,154
499,فين اصحاب المعاشات,154
500,طيب لو انا في قطاع خاص والمرتب4000ايه المطلوب,154
501,ينفع اخد قرض بضمان شهاده في البنك الاهلي ؟والفايده ساعتها بتبقي كام ؟,154
502,تم,154
503,ابو السيد ما هى طبيعه العمل,154
504,بنك ايه\nوهل ينفع تطلع فيزا مشتريات ولا قروض بس,154
505,مهتم,154
506,عمرو الحسيني ما هى طبيعه العمل ؟,154
507,مهتم,154
508,لو في سجل تجاري وبطاقة ضربيه وحساب بنكي,154
509,مهتم جدآ وعايز قرض في سجل تجاري وبطاقة ضريبية ورخصة وحساب بنكي كمان,154
510,متابع,154
511,انا معايا فيزا تحويل مرتب,154
512,علاء الدين مي\nبنك المصرف المتحد,155
513,"احمد مرشد ، مدير - إدارة المعاملات المصرفية الخاصة البنك الأهلي المتحد و معاكوا في كل ما يتعلق ب إدارة الثروات و شرائح العملاء و أنواع الاستثمار",155
514,القائمة السلبية اتتلغى بعد السداد ينفع,155
515,محمود محمد صديق حسين حسب التعليمات الجديدة للمركزي ينفع,155
516,ياريت كل بنك يكلمنا عن التمويل العقارى اللى عنده وايه الطلبات والفايده كام لان بجد من اصعب الحاجات اللى بندوخ عليها ومش عارفين ناخد قرض ولاتمويل,155
517,محمد العسال من البنك العربي الافريقي الدولي,155
518,محمد نبيل\nمسئول اول خدمه عملاء ..بنك اسكندريه 🙋🙋,155
519,مصطفي انور - مسئول الاستقبال بنك مصر الاسلامي ومعاكوا ف المعلومات العامة عن الحسابات والشهادات الاسلاميه وكارت كنانة والمرابحات و حركات ATM اللي بتعلق احيانا والحل فيها,155
520,ناهد الخطيب\nبنك ناصر الاجتماعي 💪💪💪\nبنك كل المصريين⁦♥️⁩⁦♥️⁩⁦♥️⁩,155
521,سعيد عبدالسلام\nالبنك الزراعي المصري\nمسئول ائتمان,155
522,ليه بتوقفو التعليقات لازم نعرف كل بوست على كده,155
523,هادي الراوي\n\nادارة القروض الشخصيه وبطاقات الائتمان …See More,155
524,محمد مصطفي\nالبنك الأهلي المصري\nادارة القروض الشخصيه وبطاقات الائتمان,155
525,محمد علي\nمصرفي بنك مصر\nو معاكم في اي استفسارات,155
526,ممكن حد يتواصل معايا من بنك مصر بخصوص المشروعات فوق المتوسطة,155
527,الاوراق المطلوبة للمشروعات متناهية الصغر....,155
528,اسماء عبدالسلام\nبنك مصر\nمدير مبيعات,155
529,أبوالفتوح خليل\nالبنك الأهلي الكويتي,155
530,هدير حلمى\nالبنك المصرى لتنمية الصادرات,155
531,احمد فتحي بنك مصر,155
532,يريت نخلي البوت ده مثبت عشان اللي يحتاج حاجة معينة من بنك يرجع للبوست ده للسرعة,155
533,اشرف الطحان مدير فرع تنميه لتمويل المشروعات الصغيره,155
534,انا محتاج قرض 30 ألف ضروري,155
535,اهلا وسهلا بيك\nاللينك دا حضرتك هتلاقي عليه كل تفاصيل القروض\nhttps://www.bankygate.com/Banky/Products/Personal-Loan,155
536,مصطفي الكفراوي ABC Bank\nعندنا برامج قروض شخصيه مميزه جدا\nلموظفين البنوك …See More,155
537,تمام بعتزر جدا👍,155
538,مافيش حد بنك ناصر للاهميه ضروري جدا جدا لوسمحتم,155
539,"أهلا بحضرتك، برجاء توضيح استفسارك",155
540,بنك القاهره قروضها لحد كام السعر..,155
541,اهلا وسهلا بيك\nاللينك دا عليه كل تفاصيل القروض\nhttps://www.bankygate.com/Banky/Products/Personal-Loan,155
542,ممكن حد فبنك تنميه الصادرات والواردات EBE,155
543,"أهلا بحضرتك، برجاء توضيح استفسارك",155
544,محمد ممدوح اهلا وسهلا بيك,155
545,محمد عبدالوهاب\nأخصائي تمويل\nأمان فرع ابوالمطامير,155
546,الافوكاتو محمد عبدالوهاب اهلا وسهلا,155
547,اهلا بحضرتك يا فندم,155
548,محمد جلال مدير عام معاش البنك الاهلى المصرى,155
549,جلال الديباوي اهلا وسهلا بحضرتك,155
550,بنك مصر\nمحلل ائتماني - لتمويل المشروعات الصغيرة والمتوسطة,155
551,كيرلس صلاح بنك المشرق\nكريدت كارد,155
552,عايز قرض شخصى وانا موظف ومرتبى مقسوم على بنك القاهره والاهلى واجمالى المرتب 5500,155
553,حسين العدوي\nالبنك الاهلي المصري\nمسؤل العمليات,155
554,عاوز اعرف القرض بضمان ارض زراعيه,155
555,ممكن أي زميل من خدمة عملاء CIB,155
556,حازم رميح المصرية لتنمية المشروعات الصغيرة والمتوسطة الاسكندريه لتجهيز الملف الائتماني واستخراج البطاقة الضريبة والسجل التجاري وعقد التاسيس الشركة,155
557,اهلا وسهلا 🙏🏻,155
558,البنك الاهلي المصري\nإدارة الانتمان الخاصة بالقروض الشخصية و الكريدت كارد,155
559,اهلا وسهلا بحضرتك 🙏🏻,155
560,محمود نصر الدين موظف مبيعات بنك ابو ظبي الاول\nاي حد من الجروب محتاج اي استفسار او اي خدمة تحت امركم في اي وقت,155
561,"اهلا وسهلا بيكي\n\nبتتميز فيزا إنترنت البنك الأهلي المصري بأنها صالحة للاستخدام لمدة سنتين، كما أنها تُمكن حامليها من متابعة الرصيد وعمليات الشراء الخاصة بهم من خلال موقع البنك الأهلي المصري على الإنترنت، والمستندات المطلوبة للحصول على فيزا الأهلي نت هي صورة من البطاقة الشخصية على أن سارية المفعول، أو صورة من جواز السفر الموضح به الرقم القومي.",156
562,هل لو تقسيط عن طريق شركة ينفع ؟,157
563,اى بنك حضرتك,157
564,عبدالعزيز غانم عبدالعزيز حجازى saib bank,157
565,ممكن اعرف مكانوا فين او ده اختصار لاى علشان سئلت عليه كتير محدش عرفوا,157
566,انا عليا 13الف في بنك ناصر ممكن تسددهم والقسط كام,157
567,قرض بضمان شهادات ينفع,157
568,يعنى اية سداد مديونية,157
569,عايز اشترك في saib wallet بدون ما اورح الفرع علما اني مليش حساب عندهم,157
570,انا معاش ممكن اسدد باقي القرض abk,157
571,ايه طريقه إلى الغي الاسكور من علي الاسم أو المده عمارات الحساب منتظم,157
572,هل في شراء مديونيات بطاقات ائتمان لديكم,157
573,كم سنة السداد,157
574,انا واخد قرض سياره بضمان شهاده وعدي اكتر من سنه\nايه المطلوب ؟,157
575,"نعم، يمكنك الاقتراض بضمان الشهادة من 80 إلى 95% من قيمتها وفقا لسياسة كل بنك",158
576,"كل ما اقدم الاروق لعشان القرض ، البنك يقولي الطلب اترفض علشان مفيش تعاملات في المنطقة\nينفع كدا",158
577,🤔🤔🤔🤔 المواعيد اتعدلت؟؟,159
578,لو سمحت الورق جاهز قطاع خاص اقدمه فرع ايه,159
579,المقاولات محظوره من شهر ٢ تقريبا عندكم,160
580,ماهو ف بنوك فاتحه للمقاولات عندكم مغلق قبل ازمه كورونا,160
581,بنك ايه لوتسمح,160
582,لو سمحت اقدر اجي امتي اقدم علي طلب تقسيط سياره ؟,160
583,م,160
584,عندي مكتب استيراد وتصدير\nعندي معاش 11500\nمحتاج تمويل او قرض محتاح افتح محل دهب,160
585,مصري ال يوسرسيف\nسجل تجاري بطاقه ضربييه و كشف حساب بنك سنه,160
586,مفيش مشكله موجود سحل تجاري وبطاقه ضريبيه وكشف حساب ولكن المكتب انشاءته ولكن نشاط غير قايم,160
587,شغال ف مكتب القبض يدوي مفيش تحويل متاح اقدم,160
588,طب بالنسبة لتمويل السيارات ممكن تفاصيل عن مبادراته زي اللي حضرتك بعتها للتمويل التجاري,160
589,١٠٠ الف ع كام سنه,160
590,ممكن رقم تليفون ؟,160
591,مالهوش فرع فى قنا ؟\nوهل لو عاوز اقسط عربيه اعمل ايه\nوشركة غير متكوده,160
592,أقرب فرع سوهاج,160
593,ولو واخد قرض ممكن اخود قرض جديد,160
594,ابو ادهم واياد الظنينى حسب دخلك,160
595,تفاصيل عن قرض سدد مديونية,160
596,لازم للاصحاب السجل والبطاقة الضريبيه كشف حساب,160
597,تفاصيل عن قرض,160
598,أحمد عبدالعال النقادى مكتوب بالبوست,160
599,لو شركه فيها سجل تجاري وبطاقة ضريبيه اكبر مبلغ كام,160
600,محمد ثروت\nكشف حساب بنك سنه,160
601,الكلام ده الايام دى\nوهل فيه بنك بيدى قرض يوصل قسطه لنصف المرتب,160
602,أسامة رمضان\n٥٠ ٪ من دخلك\nده قانون البنك المركزي,160
603,لو انا واخد قرض من بنك QNBالاهلي وعليا مثلا 50000الف وعايز اغير واحول مرتبي عندك يبقي كدا البنك هيسددالمبلغ هوا هوا ولا في فوائد تاني,160
604,ممكن رقم للتواصل,160
605,بخصوص التمويل,160
606,محمد عاطف,160
607,السلام عليكم انا علي المعاش وعلي قرض من بنك وباقي سنتين عاوز قرض لشراء شقه انا من الاسكندريه,160
608,علاء الدين علام أسف لا يوجد عندنا,160
609,طب لو حبيت اخد قرض علشان اعمل مشروع صغير هل ممكن ولا لا,160
610,طيب لوحبيت اخد القرض اعمل اية,160
611,حتي لو موظف في قطاع خاص ومؤمن عليه,160
612,لو مش متاح فاتورة خدمات كهربا او غاز\nممكن مفردات مرتب + كشف حساب بنكي ؟,160
613,تمويل مشروعات ازاي وعبارة عن إيه شراكه يعني,160
614,لو شركة مش مكودة ينفع اخد قرض مرتبي2400لو ينفع هاخد كام وأقرب فرع في الاسماعيلية,160
615,ياريت اتكلم مع البنك,160
616,لو سمحت قرض سداد مديونية بدون تحويل المرتب الأوراق ايه,160
617,يا جماعة احظرووووو كل البنوك الفايدة بتاعتها قلت ولو عايزين قرض يبقى البنك الاهلى او القاهرة او بنك مصر لاكن اللى بيحصل فى بقية البنوك ده نصب عالمى,160
618,ممكن تواصل\nشكرا,160
619,ممكن تواصل عمل حر,160
620,محتاج قرض,160
621,ببعتلك خاص,160
622,يعني ايه متكوده,160
623,راسلت حضرتك ع الخاص,160
624,متاح ف محافظه المنيا,160
625,السلام عليكم ممكن اعمل قرض انا شغل فى شركه قطاع خاص شركه فرجللو او فرج الله,160
626,محمد عبدة عبدو حاضر,160
627,شهاده دخل مفردات مرتب مختومه\nايصال مرافق حديث كهرباء\nصوره رقم قومي,160
628,المرتب ٢٠٠٠,160
629,ممكن قرض بضمان فيزا من بنك اخر مرتبي ١٥٠٠٠ واحتاج ١٠٠٠٠٠,160
630,مرتبى 2000عاوز اعمل قرض اتواصل ازاى مع البنك,160
631,برجاء توضيح طبيعة القرض المطلوب,160
632,انا كلمتك خاص,160
633,بعتلك خاص,160
634,ممكن التواصل لو سمحت,160
635,موظف خاص مرتبى 4000 عاوز اعمل قرض 25 الف شخصي اتواصل ازاى مع البنك,160
636,"موظف أو غير موظف ❌🧑🏻‍💻... بتحويل الراتب أو بدون تحويل 💵❌\nعشان متتعبش وتدور كتير ع القرض اللي أنت محتاجه، في #بنكي جمعنالك تفاصيل القرض الشخصي في كل البنوك المصرية 🏛في مكان واحد\nعشان تختار القرض والبنك الأفضل ليك\nكل ا…See More",160
637,قرض شخصي,160
638,"موظف أو غير موظف ❌🧑🏻‍💻... بتحويل الراتب أو بدون تحويل 💵❌\nعشان متتعبش وتدور كتير ع القرض اللي أنت محتاجه، في #بنكي جمعنالك تفاصيل القرض الشخصي في كل البنوك المصرية 🏛في مكان واحد\nعشان تختار القرض والبنك الأفضل ليك\nكل ا…See More",160
639,محمد ﺍﻟﻐﺮﺑﺎﻭﻱ حدد الوظيفه و الراتب و جهه العمل,160
640,طيب إذا واخد قرض من البنك اللى بقبض منه عادى ولا فى مشكله,160
641,ممكن رقم للتواصل,160
642,مع حضرتك فيزا مشتريات,162
643,برجاء توضيح طبيعة القرض المطلوب,162
644,منين حضرتك,162
645,أ- ناهد هتتواصل مع حضرتك فى أقرب وقت لتفاصيل أكثر\nNahed Elkhateeb,163
646,كنت عايز اعمل كارت مشترويات ايه الاوراق,163
647,اعملي تقسيط مع المدرسه احسن ليه تدفعي فوائد,163
648,هل فيه بنك بقسطايه البنك الى ممكن يقع مصاريف المدارس وأنا اققسطها,163
649,التمويل التعليمي من المصرف المتحد,163
650,ممكن اساعدك تاخد pos مجانا تبع مبادرة البنك المركزي\nتبع paymob,164
651,ايه paymob؟,164
652,بنك مصر,164
653,يعني ايه pos,164
654,برجاء توضيح استفسارك,165
655,محتاج مسؤول من بنك القاهره,165
656,ممكن ااواصل,167
657,احمد زيدان\nحدد الوظيفه و الراتب و جهه العمل لافاده اكتر,167
658,ازي سدلد مديونه,167
659,تفاصيل أكثر,167
660,عمار بحيرى\nراجع البوست كاملا,167
661,عمار بحيرى\nحدد الوظيفه و الراتب و جهه العمل لافاده اكتر من,167
662,طيب على كام شهر القسط دا لو موظف,167
663,تمويل عربيه بدون حظر وبدون تامين متاح,167
664,ممكن تواصل\n01112486214,167
665,فيه شراء مديونيه,167
666,اين فروع هذا البنك,167
667,القروض والاقساط المكتوبه على كام سنه ؟,167
668,انا عيزه ٢٥,167
669,الضوي مهيجه حدد الوظيفه و الراتب و جهه العمل,167
670,على كام سنه الأقساط دي,167
671,ممتاز,167
672,عايز اخد قرض انا عندي شركة لادارة المطاعم و المنشات السياحيه,167
673,ليها سجل تجاري و بطاقه ضريبيه,167
674,انا محتاج قرض وانا موظف ف شركه مش مكوده ينفع,167
675,لو سمحت كنت عايز اقدم على قرض,167
676,كلمت حضرتك خاص,167
677,متابع,167
678,مهتم,167
679,كشف حساب ٣ شهور .. طيب والايسكور,167
680,الوظيفة موارد بشرية\nالراتب 10 الاف بدون تحويل بنكى - المرتب مانيوال\nاحدى شركات القطاع الخاص,167
681,ممكن اتواصل معاك على الماسينجر و ابعتلك كل البيانات اللى محتاجها؟,167
682,السلام عليكم ممكن تتواصل معي فون\n01029899605,167
683,محمد السري حدد الوظيفه و الراتب و جهه العمل لافاده اكتر,167
684,مهتم,167
685,عملك,167
686,تفاصيل التمويل العقاري,167
687,بالتوفيق يارب,167
688,بعتلك خاص,167
689,ممكن اكثر من استفسار علي الخاص,167
690,من فضلك انا ممكن اخد قرض بضمان عقار او بضمان مشروع عربيه تويوتا,167
691,طب ممكن اعرف ايه البنك اللي ممكن يديني قرض بضمان عقار او مشروع,167
692,ممكن اعرف الأوراق المطلوبة للحصول علي قرض بدون وظيفة,167
693,أحمد عبد الباسط لازم وظيفه,167
694,عليا72الف للقاهرة مرتبي 2886 ممكن اخدقرض من بنك تاني ويسددالقديم,167
695,ناشئين للاندية\nأقصى قرض لك هو ٧٥ الف فقط,167
696,يبقى يتبقى ٣ الف,167
697,يارب,167
698,والي عنده معاش ايه شروطه وورثه المعاش,167
699,برجاء زيارة الرابط التالي لمزيد من التفاصيل\nhttp://www.bankygate.com/13634,167
700,عايز اعرف التفاصيل,167
701,ضياإ ضياإ مكتوبه في بوست,167
702,سجل تجاري وبطاقة ضربيه محل اكسسوارات وقطع غيار السيارات\nمهتم,167
703,برجاء زيارة الرابط التالي لمزيد من التفاصيل\nhttp://www.bankygate.com/12322,167
704,الصحفي محمد الهمامي\nكشف حساب بنك سنه,167
705,عليا 73الف إلى بنك QNB المرتب بتاعي 3500 موظف في شركه البريد فى امكانيه في مبلغ ثاني,167
706,صاحب عمل بسجل وموجود كشف حساب,167
707,محتاج قرض بس انا محل اقامتى اسوان اى اسهل طريقه لطلب قرض,167
708,قطاع خاص شركه صناعات هندسيه مرتبى 3500الى 4000Alladin Mai,167
709,المصرف المتحد ١٩٢٠٠,167
710,انا بسدد كل شهر ٢٥ الف كل العائد البنك بياخدة وعايزة اشتري سيارة هل في حل,167
711,سحر مصريه\nمش فاهم حضرتك,167
712,شرط تحويل الراتب ولا لا,167
713,كلمنى خاص,167
714,معاش جيش45سنه ينفع,167
715,في تمويل عقاري ؟,167
716,هل يمكن اخذ قرض لتمويل شراء عقار وايه الضمان,167
717,هل يوجد تمويل عقاري بكومبوند وايه المطلوب,167
718,حضرتك شركتي غير مكود ينفع نعمل قرض عادي,167
719,والدي ع المعاش ينفع ياخد قرض,167
720,مرتبي ٢٠٠٠ج شركه خاصه ينفع,167
721,م,167
722,طيب إذا واخد قرض,167
723,برجاء توضيح الوظيفة أو المهنة الحالية لافادة أكثر,168
724,لو كان البنك مأمن على العميل\nشركة التأمين هي من ستتولى السداد,170
725,أغلب القروض الجديدة مؤمن عليها من شركة التأمين فقط البطاقة ورقم الحساب وشهادة الوفاه الأصلية وتقدمها للبنك,170
726,م,171
727,ممكن نطبع ايسكور من اي بنك بصورة البطاقه,171
728,علشان تعرف عندك مشكله في الايسكور ولا لأ,171
729,هو يعني اية الاستعلام الاءتماني سلبي,171
730,ولو معناه الايسكور ازاي سلبي وانا كنت مطلعة من اسبوعين مفيهوش مشاكل,171
731,عبد الرحمن عبد العزيز ممكن تبعتهولي خاص,171
732,ممكن اعرف Sarah Saied,171
733,عبد الرحمن عبد العزيز تم الرد,171
734,م,171
735,"أهلا بحضرتك، برجاء توضيح طبيعة القرض المطلوب",173
736,\nعاوز الف جنية عاوز اعرف اي التفاصيل,173
737,"موظف أو غير موظف ❌🧑🏻‍💻... بتحويل الراتب أو بدون تحويل 💵❌\nعشان متتعبش وتدور كتير ع القرض اللي أنت محتاجه، في #بنكي جمعنالك تفاصيل القرض الشخصي في كل البنوك المصرية 🏛في مكان واحد\nعشان تختار القرض والبنك الأفضل ليك\nكل ا…See More",173
738,انا عيز قرض ١٠٠ الف,173
739,عايز قرض 20000عشرون.الف,173
740,15 يوم,174
741,محمدعيد أبوعيد,175
742,لمزيد من التفاصيل والتقديم علي القرض عبر موقعنا يرجي زيارة الرابط التالي\nhttps://www.bankygate.com/Banky/ProgramDetails/64532,175
743,لمزيد من التفاصيل والتقديم علي القرض عبر موقعنا يرجي زيارة الرابط التالي\nhttps://www.bankygate.com/Banky/Products/Personal-Loan...,176
744,"موظف أو غير موظف ❌🧑🏻‍💻... بتحويل الراتب أو بدون تحويل 💵❌\nعشان متتعبش وتدور كتير ع القرض اللي أنت محتاجه، في #بنكي جمعنالك تفاصيل القرض الشخصي في كل البنوك المصرية 🏛في مكان واحد\nعشان تختار القرض والبنك الأفضل ليك\nكل ا…See More",177
745,مش هتتلغي غالبا ومينفعش تفتح محفظة على رقم مربوط باي محفظة,179
746,ممكن سداد لقرض معاش,180
747,اناقرض شخصى وبقى متو شهرين,180
748,عاصفه الصحراء كلمني يافندم,180
749,طيب ونظام السيارات التقسيط اية,180
750,ممكن تفاصيل انا قرض شخصي ومتتظم ف السداد,180
751,قرض سياره دفعت 5 اقساط قبل التأجيل ال 6 شهور,180
752,عايز قرض الاوراق المطلوبة مني ايه,180
753,شغال فني كاميرات المراقبة ف محل مش شركه ومرتبي 5000Mohamed S Azab,180
754,ممكن تفاصيل اكثر,180
755,ضياء السيد كلمني 01123355226,180
756,عندك مشكله!,180
757,بعتلك خاص Mohamed S Azab,180
758,بنك ايه انا عميل بنك الاسكندريه,180
759,طيب نظام تمويل نوادى,180
760,السيراميك اشتغل ولا لسه,180
761,ممكن شراء مديونية مشروعات متناهي الصغر من بنك القاهرة,180
762,عبد الله المصري لا للاسف شخصي بس,180
763,الفايده كام ومده القسط وهل ممكن القرتين ولا واحد فقد والاوراق المطلوبه والضنات وشكرا,180
764,حسن عوض ممكن قرضين مافيش مشكله\nكلمني الصبح بافندم,180
765,بنك إيه ده إللي يسداد ويدي قرض كمان أنا من عملاء بنك ناصر الاجتماعى وعليا قرض حولي 20000الف,180
766,انا عايز اخد قرض من البنك صاحب عمل حر,180
767,ممكن الافاده,180
768,ممكن رقم حضرتك. علي الوتس عشان معنديش مسنجر. انا عايذ شراا. مديونيه,180
769,سيد محمد السيد محمدالسيد رقمي فوق كلمني,180
770,مش منتظم اوى ممكن حل,180
771,بنك سايب ليه فروع في البحر الأحمر,180
772,ممكن خاص,180
773,اية افضل بنك للتمويل العقاري واية الشروط,180
774,ممكن تفاصيل,180
775,اخدقرض ليه اكتر من سنه وعاوزاجدد من بنك تاني ايه المطلوب,180
776,قيمة القرض تحدد وفقا لقيمة الدخل الشهري أو نسبة عبء الدين,181
777,احمد سارة ايه؟,181
778,الا انت بتقوله ده اسمه fraud يعني عميل مرفوض مفيش بنك يطلع 300 الا لو متامن عليه ويعمل استعمال وظيفي ويعاين مكانك,181
779,حدد السن وصاحب معاش ام وريث,183
780,م,183
781,شهادات الدولار فايدتها ضعيفه جدا للاسف حوالى ٢٪؜ كل ٣شهور,184
782,لمزيد من التفاصيل حول شهادات الادخار بالدولار والتقديم عليها عبر موقعنا يرجي زيارة الرابط التالي\nhttps://bankygate.com/Banky/Products/Certificate-Deposit...,184
783,ممكن تعمل شهادة وتاخد قرض بضمان شهادة ٩٥ ٪ لو حضرتك مهتم,184
784,بحب أضيف لو معايا مبلغ دولارت ينفع احطهم في حسابي التوفير ولا لازم افتح حساب جديد,184
785,ينفع اخد قرض من بنك\nوقرض تانى من بنك تانى,184
786,"ينفع بشرط ألا يتخطي اجمالي الأقساط والالتزامات من قروض وبطاقات ائتمان 50% ؜ منً الدخل الشهري، بحيث يكون اجمالي الاقساط = نصف الدخل الشهري",184
787,"سيتم إعادة احتساب وتوزيع القسط متضمنا فائدة الستة شهور علي باقي اقساط القرض المتبقية بعد مدها بستة شهور\nتواصل مع البنك الخاص بك لمعرفة قيمة اقساطك الجديدة، أو يمكنك معرفتها عبر خدمة الانترنت البنكي",185
788,برجاء التواصل مع البنك لتحديث بياناتك ومتابعة إجراءاتك البنكية,186
789,لو هو محولها بالجنيه البنك العربي الافريقي بيديهالك بالجنيه مباشرة,187
790,البنك العربى الافريقى,187
791,برجاء توضيح طبيعة القرض المطلوب,188
792,لازم تقدم شكوي وتتابع مع خدمة العملاء,189
793,65 عام فى نهاية مدة القرض\nلمزيد من التفاصيل حول قرض أصحاب المعاشات والتقديم على القرض عبر موقعنا يرجي زيارة الرابط التالي\nhttps://www.bankygate.com/Banky/Products/Personal-Loan...,190
794,لمزيد من التفاصيل والتقديم علي القرض عبر موقعنا يرجي زيارة الرابط التالي\nhttps://www.bankygate.com/banky/bankProducts/44?productId=1,191
795,"السحب من اي ماكينة بدون أى عمولات حتى نهاية ديسمبر، والايداع بيكون من الماكينة التابعة للبنك",192
796,خلاف عبدالوهاب الخلايفه,193
797,السويفت كود بتاع البنك اللي هيتحول عليه الفلوس,193
798,رقم حساب الايبان الدولي مع التأكيد علي صحة كتابة اسم المحول إليه,193
799,شكر على الرد بس للعلم مفيش حاجه يقولك من اين للك هذا,193
800,برجاء توضيح استفسارك,194
801,هو انا لازم مدرستى تكون متكوده فالبنك سواء ده او ده ؟ انا معايا مفردات مرتب مختومه من البنك الاهلى ووصل نور و ميه حديثه و بطاقتى ساريه\nفهل علشان اخد قرض لازم تكون مدرستى متكوده ؟!!!!,194
802,ممكن حد يرد عليا بليز,194
803,م,194
804,م,194
805,لازم يتم سداد المديونية لغلق الحساب,195
806,برجاء تحديد المهنة الحالية لتفاصيل أكثر,196
807,حضرتك هتاخد القرض بضمان إيه؟,196
808,م,196
809,في اي نشاط قائم حتي لو مفيش اي اوراق ؟؟,196
810,لو معاك قرض او كرت مشتريات قبل كده بنك المشرق بيطلعها بصورة البطاقه,197
811,الشروط المطلوبة\n– الجنسية المصرية أو الإقامة بالنسبة للأجانب .\n– حد أدني للعمر 21 سنة للبطاقات الأصلية .…See More,197
812,لو حد عاوز يعملها وهوا طالب مش موظف,197
813,لازم حضرتك تكون موظف والمرتب مايقلش عن ٣٠٠٠ جنيه,197
814,افتكر ان واحد قالك بلاش مصاريف زيادة بدون داعي,197
815,"تحويل المرتب شرط أساسي، أو كشف حساب",199
816,لمزيد من التفاصيل والتقديم علي القرض عبر موقعنا يرجي زيارة الرابط التالي\nhttps://www.bankygate.com/banky/products/car-Loan,200
